"category","title","level","description","starter_code","test_cases","hints","id"
"python-basics","Palindrome Checker","beginner","Bir kelimenin veya cümlenin palindrome olup olmadığını kontrol et.
Büyük/küçük harf fark etmesin, boşluk ve noktalama işaretlerini yok say.
Örnek: 'A man a plan a canal Panama' → True","def is_palindrome(text: str) -> bool:
    # Buraya kodunu yaz
    pass","[{""input"": ""radar"", ""expected"": true}, {""input"": ""Python"", ""expected"": false}, {""input"": ""A man a plan a canal Panama"", ""expected"": true}, {""input"": ""hello"", ""expected"": false}]","[""💡 İpucu 1: Önce metnin yalnızca harf ve rakamlardan oluşan temiz halini oluştur. ''.join(...) ve str.isalnum() kullanabilirsin."", ""💡 İpucu 2: Büyük/küçük harf farkını ortadan kaldırmak için .lower() metodunu kullan."", ""💡 İpucu 3: Temizlenmiş string'i tersiyle karşılaştır: cleaned == cleaned[::-1]""]","1"
"python-basics","Emoji FizzBuzz","beginner","1'den n'e kadar say.
3'e bölünüyorsa 'Fizz🎉', 5'e bölünüyorsa 'Buzz🚀',
her ikisine de bölünüyorsa 'FizzBuzz🎊' yaz.
Diğer sayıları string olarak ekle.","def emoji_fizzbuzz(n: int) -> list:
    result = []
    for i in range(1, n+1):
        # Kodunu buraya yaz
        pass
    return result","[{""input"": 5, ""expected"": [""1"", ""2"", ""Fizz🎉"", ""4"", ""Buzz🚀""]}, {""input"": 15, ""expected"": [""1"", ""2"", ""Fizz🎉"", ""4"", ""Buzz🚀"", ""Fizz🎉"", ""7"", ""8"", ""Fizz🎉"", ""Buzz🚀"", ""11"", ""Fizz🎉"", ""13"", ""14"", ""FizzBuzz🎊""]}]","[""💡 İpucu 1: Önce hem 3 hem 5'e bölünme durumunu kontrol et (FizzBuzz🎊). Sıra önemli!"", ""💡 İpucu 2: Bölünebilirlik için % (modulo) operatörünü kullan: i % 3 == 0"", ""💡 İpucu 3: Hiçbir koşula uymuyorsa sayıyı string'e çevir: str(i)""]","2"
"python-basics","Kelimelerin En Uzunu","beginner","Bir cümledeki en uzun kelimeyi ve uzunluğunu döndür.
Birden fazla aynı uzunlukta kelime varsa ilkini döndür.
Not: Sonuç [kelime, uzunluk] şeklinde liste olmalı.","def longest_word(sentence: str) -> list:
    # Düşün: split() ile kelimeleri ayır, max ile bul
    # Döndür: [en_uzun_kelime, uzunlugu]
    pass","[{""input"": ""Python çok eğlenceli bir dil"", ""expected"": [""eğlenceli"", 9]}, {""input"": ""Merhaba dünya"", ""expected"": [""Merhaba"", 7]}, {""input"": ""a bb ccc"", ""expected"": [""ccc"", 3]}]","[""💡 İpucu 1: sentence.split() ile cümleyi kelimelere ayır."", ""💡 İpucu 2: max(words, key=len) ile en uzun kelimeyi bul."", ""💡 İpucu 3: Sonucu liste olarak döndür: [word, len(word)]""]","3"
"python-basics","Sihirli Kare Kontrolü","beginner","Verilen 3x3 liste bir sihirli kare mi?
Satır, sütun ve iki çapraz toplamların hepsi eşit olmalı.","def is_magic_square(grid: list) -> bool:
    # Her satır, sütun ve çaprazın toplamını karşılaştır
    pass","[{""input"": [[2, 7, 6], [9, 5, 1], [4, 3, 8]], ""expected"": true}, {""input"": [[1, 2, 3], [4, 5, 6], [7, 8, 9]], ""expected"": false}]","[""💡 İpucu 1: Hedef toplamı belirle: target = sum(grid[0])"", ""💡 İpucu 2: Sütunlar için: sum(grid[r][c] for r in range(3)) şeklinde döngü kur."", ""💡 İpucu 3: Çaprazlar: grid[0][0]+grid[1][1]+grid[2][2] ve grid[0][2]+grid[1][1]+grid[2][0]""]","4"
"python-basics","Sayı Tahmin Skoru","beginner","Kullanıcının tahminleri ve gerçek sayı verildiğinde,
kaç tahminin tam doğru, kaç tahminin ±5 içinde, kaç tahminin uzak olduğunu döndür.","def score_guesses(guesses: list, secret: int) -> dict:
    # {'exact': x, 'close': y, 'far': z} döndür
    pass","[{""input"": {""secret"": 10, ""guesses"": [10, 12, 50, 11]}, ""expected"": {""far"": 1, ""close"": 2, ""exact"": 1}}, {""input"": {""secret"": 100, ""guesses"": [1, 2, 3]}, ""expected"": {""far"": 3, ""close"": 0, ""exact"": 0}}]","[""💡 İpucu 1: abs(guess - secret) ile farkın mutlak değerini al."", ""💡 İpucu 2: diff == 0 ise 'exact', diff <= 5 ise 'close', değilse 'far'."", ""💡 İpucu 3: Sonuçları sayacak bir dict oluştur ve döngüde güncelle.""]","5"
"python-basics","Karakter Sayacı","beginner","Bir metindeki her karakterin kaç kez geçtiğini döndür.
Boşlukları sayma. Büyük/küçük harf duyarlı olmasın.","def char_count(text: str) -> dict:
    # Boşluk hariç her karakterin frekansını döndür
    pass","[{""input"": ""Hello World"", ""expected"": {""d"": 1, ""e"": 1, ""h"": 1, ""l"": 3, ""o"": 2, ""r"": 1, ""w"": 1}}, {""input"": ""aabbcc"", ""expected"": {""a"": 2, ""b"": 2, ""c"": 2}}]","[""💡 İpucu 1: text.lower() ile metni küçük harfe çevir."", ""💡 İpucu 2: Her karakter için boşluk kontrolü: if c != ' '"", ""💡 İpucu 3: dict.get(c, 0) + 1 ile sayacı artır ya da collections.Counter kullan.""]","6"
"python-basics","Asal Sayı Kontrolü","beginner","Verilen sayının asal olup olmadığını kontrol et.
1 ve altındaki sayılar asal değildir.","def is_prime(n: int) -> bool:
    # Asal sayı: yalnızca 1 ve kendisine bölünür
    pass","[{""input"": 2, ""expected"": true}, {""input"": 17, ""expected"": true}, {""input"": 1, ""expected"": false}, {""input"": 9, ""expected"": false}]","[""💡 İpucu 1: n <= 1 ise direkt False döndür."", ""💡 İpucu 2: 2'den √n'e kadar bölenleri kontrol et: range(2, int(n**0.5)+1)"", ""💡 İpucu 3: Herhangi bir bölen bulursan False, döngü biterse True döndür.""]","7"
"python-basics","Liste Düzleştirme","beginner","İç içe geçmiş listeyi tek seviyeli listeye dönüştür.
Yalnızca bir seviye derinlik garantilidir.","def flatten(nested: list) -> list:
    # [[1,2],[3,4],[5]] -> [1,2,3,4,5]
    pass","[{""input"": [[1, 2], [3, 4], [5]], ""expected"": [1, 2, 3, 4, 5]}, {""input"": [[10], [20, 30], [40, 50, 60]], ""expected"": [10, 20, 30, 40, 50, 60]}]","[""💡 İpucu 1: Boş bir liste oluştur ve her alt listeyi üzerine extend() et."", ""💡 İpucu 2: List comprehension ile: [item for sublist in nested for item in sublist]"", ""💡 İpucu 3: itertools.chain.from_iterable(nested) de çalışır.""]","8"
"python-basics","Fibonacci Dizisi","beginner","İlk n Fibonacci sayısını liste olarak döndür.
F(0)=0, F(1)=1, F(n)=F(n-1)+F(n-2)","def fibonacci(n: int) -> list:
    # İlk n elemanı hesapla
    pass","[{""input"": 7, ""expected"": [0, 1, 1, 2, 3, 5, 8]}, {""input"": 1, ""expected"": [0]}, {""input"": 2, ""expected"": [0, 1]}]","[""💡 İpucu 1: Özel durumlar: n==1 → [0], n==2 → [0,1]"", ""💡 İpucu 2: [0, 1] ile başla, döngüde fib[-1]+fib[-2] ekle."", ""💡 İpucu 3: while len(fib) < n: fib.append(fib[-1]+fib[-2])""]","9"
"python-basics","Anagram Kontrolü","beginner","İki kelimenin anagram olup olmadığını kontrol et.
Büyük/küçük harf ve boşluk fark etmesin.","def is_anagram(word1: str, word2: str) -> bool:
    # Anagram: aynı harfleri farklı sırada kullanan kelimeler
    pass","[{""input"": {""word1"": ""listen"", ""word2"": ""silent""}, ""expected"": true}, {""input"": {""word1"": ""hello"", ""word2"": ""world""}, ""expected"": false}, {""input"": {""word1"": ""Astronomer"", ""word2"": ""Moon starer""}, ""expected"": true}]","[""💡 İpucu 1: Her iki string'i .lower() yap ve boşlukları kaldır."", ""💡 İpucu 2: sorted() ile harfleri sırala ve karşılaştır: sorted(a) == sorted(b)"", ""💡 İpucu 3: Ya da Counter(a) == Counter(b) ile frekans karşılaştır.""]","10"
"python-basics","Kelime Tersleyici","beginner","Cümledeki kelimelerin sırasını tersine çevir,
fakat kelimelerin kendisini tersine çevirme.","def reverse_words(sentence: str) -> str:
    # ""Merhaba Dünya"" -> ""Dünya Merhaba""
    pass","[{""input"": ""Merhaba Dünya"", ""expected"": ""Dünya Merhaba""}, {""input"": ""Python çok güzel"", ""expected"": ""güzel çok Python""}]","[""💡 İpucu 1: sentence.split() ile kelimelere ayır."", ""💡 İpucu 2: words[::-1] veya reversed(words) ile sırayı tersine çevir."", ""💡 İpucu 3: ' '.join(...) ile tekrar birleştir.""]","11"
"python-basics","İkinci En Büyük","beginner","Bir listedeki ikinci en büyük eşsiz sayıyı döndür.
Eğer yoksa None döndür.","def second_largest(numbers: list):
    # Tekrar eden sayıları dikkate alma
    pass","[{""input"": [3, 1, 4, 1, 5, 9, 2, 6], ""expected"": 6}, {""input"": [5, 5, 5], ""expected"": null}, {""input"": [10, 20], ""expected"": 10}]","[""💡 İpucu 1: Önce set() ile tekrarları kaldır."", ""💡 İpucu 2: sorted() veya max() kullanarak en büyükleri bul."", ""💡 İpucu 3: len(unique) < 2 ise None döndür, yoksa sorted(unique)[-2]""]","12"
"python-basics","Sezar Şifresi","beginner","Metni n karakter kaydırarak şifrele (yalnızca İngilizce harfler).
Büyük/küçük harf korunmalı, diğer karakterler değişmemeli.","def caesar_cipher(text: str, shift: int) -> str:
    # Her harfi alfabede shift kadar ilerlet
    pass","[{""input"": {""text"": ""Hello"", ""shift"": 3}, ""expected"": ""Khoor""}, {""input"": {""text"": ""xyz"", ""shift"": 3}, ""expected"": ""abc""}, {""input"": {""text"": ""Hello, World!"", ""shift"": 13}, ""expected"": ""Uryyb, Jbeyq!""}]","[""💡 İpucu 1: ord() ile karakterin ASCII kodunu al, chr() ile geri dönüştür."", ""💡 İpucu 2: Büyük harf için: chr((ord(c) - ord('A') + shift) % 26 + ord('A'))"", ""💡 İpucu 3: Harf olmayanları (noktalama vb.) olduğu gibi bırak.""]","13"
"python-basics","Matris Transpozu","beginner","Bir matrisin transpozunu al (satırları sütun, sütunları satır yap).","def transpose(matrix: list) -> list:
    # [[1,2,3],[4,5,6]] -> [[1,4],[2,5],[3,6]]
    pass","[{""input"": [[1, 2, 3], [4, 5, 6]], ""expected"": [[1, 4], [2, 5], [3, 6]]}, {""input"": [[1, 2], [3, 4], [5, 6]], ""expected"": [[1, 3, 5], [2, 4, 6]]}]","[""💡 İpucu 1: zip(*matrix) sihirli bir araçtır — satırları transpose eder."", ""💡 İpucu 2: [list(row) for row in zip(*matrix)] ile sonucu listele."", ""💡 İpucu 3: Manuel yol: result[j][i] = matrix[i][j] ile iç içe döngü.""]","14"
"python-basics","Sayı Heceleme","beginner","0-999 arası bir sayıyı Türkçe olarak hecelere yaz.
Örnek: 42 → 'kırk iki', 100 → 'yüz'","def number_to_words(n: int) -> str:
    ones = ['','bir','iki','üç','dört','beş','altı','yedi','sekiz','dokuz']
    tens = ['','on','yirmi','otuz','kırk','elli','altmış','yetmiş','seksen','doksan']
    # Buraya kodunu yaz
    pass","[{""input"": 0, ""expected"": ""sıfır""}, {""input"": 15, ""expected"": ""on beş""}, {""input"": 42, ""expected"": ""kırk iki""}, {""input"": 100, ""expected"": ""yüz""}, {""input"": 256, ""expected"": ""iki yüz elli altı""}]","[""💡 İpucu 1: n == 0 ise 'sıfır' döndür."", ""💡 İpucu 2: Yüzler basamağı: n // 100 → 'X yüz', onlar: (n % 100) // 10, birler: n % 10"", ""💡 İpucu 3: Parçaları bir listeye ekle, boşlukla birleştir: ' '.join(parts)""]","15"
"strings","Parantez Dengesi","beginner","Verilen bir string'deki parantezlerin dengeli olup olmadığını kontrol et.
( ) [ ] { } desteklenir.","def is_balanced(s: str) -> bool:
    # Stack (yığın) veri yapısını kullan
    pass","[{""input"": ""([]{})"", ""expected"": true}, {""input"": ""([)]"", ""expected"": false}, {""input"": """", ""expected"": true}, {""input"": ""((("", ""expected"": false}]","[""💡 İpucu 1: Bir yığın (stack = []) kullan."", ""💡 İpucu 2: Açık parantez görünce yığına ekle (push). Kapalı görünce yığından çıkar (pop) ve eşleş mi kontrol et."", ""💡 İpucu 3: Sonunda yığın boşsa True, doluysa False döndür.""]","16"
"strings","Slug Oluşturucu","beginner","Bir başlığı URL-dostu slug'a çevir.
Küçük harf, boşlukları tire ile değiştir, özel karakterleri kaldır.","def create_slug(title: str) -> str:
    # ""Merhaba Dünya! Python öğreniyorum"" → ""merhaba-dunya-python-ogreniyorum""
    pass","[{""input"": ""Merhaba Dünya"", ""expected"": ""merhaba-dunya""}, {""input"": ""Python 3.11 Neler Getirdi?"", ""expected"": ""python-311-neler-getirdi""}]","[""💡 İpucu 1: .lower() ile küçük harfe çevir."", ""💡 İpucu 2: Türkçe karakterleri değiştir: 'ş'→'s', 'ğ'→'g', vb."", ""💡 İpucu 3: Harf/rakam olmayanları kaldır, boşlukları '-' yap.""]","17"
"strings","Run-Length Encoding","beginner","Bir string'i run-length encoding ile sıkıştır.
'aaabbc' → '3a2b1c'","def rle_encode(s: str) -> str:
    # Ardışık aynı karakterleri say ve sıkıştır
    pass","[{""input"": ""aaabbc"", ""expected"": ""3a2b1c""}, {""input"": ""aabbccdd"", ""expected"": ""2a2b2c2d""}, {""input"": ""abc"", ""expected"": ""1a1b1c""}]","[""💡 İpucu 1: Mevcut karakteri ve sayısını tut: current_char, count."", ""💡 İpucu 2: Karakter değişince sonucu ekle: result += str(count) + current_char"", ""💡 İpucu 3: Döngü bittikten sonra son grubu da eklemeyi unutma.""]","18"
"strings","Kelime Sıklığı","beginner","Bir metindeki en sık geçen k kelimeyi döndür.
Büyük/küçük harf duyarlı olmasın, noktalama işaretlerini yok say.","def top_k_words(text: str, k: int) -> list:
    # En sık geçen k kelimeyi liste olarak döndür
    pass","[{""input"": {""k"": 2, ""text"": ""bir iki bir üç iki bir""}, ""expected"": [""bir"", ""iki""]}, {""input"": {""k"": 1, ""text"": ""the cat sat on the mat the""}, ""expected"": [""the""]}]","[""💡 İpucu 1: .lower() ve .split() ile kelimeleri ayır."", ""💡 İpucu 2: collections.Counter(words) ile frekans sözlüğü oluştur."", ""💡 İpucu 3: counter.most_common(k) ile en sık k kelimeyi al.""]","19"
"strings","String Sıkıştırma","beginner","Bir string'i sıkıştır: art arda tekrar eden karakterleri tek karaktere indir.
'aabbcc' → 'abc', 'aabba' → 'aba'","def compress(s: str) -> str:
    # Art arda tekrarları kaldır
    pass","[{""input"": ""aabbcc"", ""expected"": ""abc""}, {""input"": ""aabba"", ""expected"": ""aba""}, {""input"": ""abcdef"", ""expected"": ""abcdef""}]","[""💡 İpucu 1: Boş string durumunu kontrol et."", ""💡 İpucu 2: result = s[0] ile başla, sonraki karakter öncekinden farklıysa ekle."", ""💡 İpucu 3: itertools.groupby(s) ile de çözebilirsin.""]","20"
"strings","Roman Numerals","intermediate","1-3999 arasındaki bir tam sayıyı Roma rakamlarına çevir.","def to_roman(num: int) -> str:
    values = [1000,900,500,400,100,90,50,40,10,9,5,4,1]
    symbols = ['M','CM','D','CD','C','XC','L','XL','X','IX','V','IV','I']
    # Buraya kodunu yaz
    pass","[{""input"": 3, ""expected"": ""III""}, {""input"": 58, ""expected"": ""LVIII""}, {""input"": 1994, ""expected"": ""MCMXCIV""}]","[""💡 İpucu 1: values ve symbols listesi zaten verilmiş, sırayla karşılaştır."", ""💡 İpucu 2: num >= value iken: result += symbol, num -= value"", ""💡 İpucu 3: CM=900, CD=400 gibi özel durumlar listeye dahil edilmiş, endişelenme.""]","21"
"strings","Pangram Kontrolü","beginner","Bir cümle pangram mı? (İngiliz alfabesinin tüm harflerini içeriyor mu?)
Büyük/küçük harf duyarlı olmasın.","def is_pangram(sentence: str) -> bool:
    # 26 İngilizce harfin hepsi var mı?
    pass","[{""input"": ""The quick brown fox jumps over the lazy dog"", ""expected"": true}, {""input"": ""Hello World"", ""expected"": false}]","[""💡 İpucu 1: sentence.lower() ile küçük harfe çevir."", ""💡 İpucu 2: set() ile unique harfleri bul."", ""💡 İpucu 3: set('abcdefghijklmnopqrstuvwxyz').issubset(set(sentence.lower()))""]","22"
"strings","Kelime Sayısı (Gelişmiş)","beginner","Bir metinde her satırdaki kelime sayısını döndür.
Boş satırları sıfır olarak say.","def word_count_per_line(text: str) -> list:
    # Satır satır böl, her satırdaki kelime sayısını döndür
    pass","[{""input"": ""Merhaba dünya\nPython öğreniyorum\n"", ""expected"": [2, 2, 0]}, {""input"": ""bir\n\nüç"", ""expected"": [1, 0, 1]}]","[""💡 İpucu 1: text.split('\\n') ile satırlara böl."", ""💡 İpucu 2: Her satır için len(line.split()) kelime sayısını verir."", ""💡 İpucu 3: List comprehension: [len(line.split()) for line in lines]""]","23"
"strings","Cümle Başlığı","beginner","Her kelimenin ilk harfini büyük yap (Title Case),
ama bağlaçları ('ve','ile','ya','ya da') küçük bırak.","def smart_title(sentence: str) -> str:
    exceptions = {'ve','ile','ya','veya','de','da'}
    # İlk kelime her zaman büyük, diğerleri kural dahilinde
    pass","[{""input"": ""python ve django ile web geliştirme"", ""expected"": ""Python ve Django ile Web Geliştirme""}, {""input"": ""merhaba dünya"", ""expected"": ""Merhaba Dünya""}]","[""💡 İpucu 1: Kelimelere ayır, ilk kelimeyi her zaman büyük yap."", ""💡 İpucu 2: Diğer kelimeler için: exceptions setinde varsa küçük, yoksa .capitalize()"", ""💡 İpucu 3: ' '.join(result_words) ile birleştir.""]","24"
"strings","DNA Tamamlayıcısı","beginner","Bir DNA zincirinin tamamlayıcısını bul.
A↔T, C↔G  kuralını uygula ve sonucu tersine çevir.","def dna_complement(strand: str) -> str:
    # ATCG -> CGAT (önce tamamlayıcı sonra ters)
    pass","[{""input"": ""ATCG"", ""expected"": ""CGAT""}, {""input"": ""TTAA"", ""expected"": ""TTAA""}]","[""💡 İpucu 1: Bir eşleşme dict'i oluştur: {'A':'T','T':'A','C':'G','G':'C'}"", ""💡 İpucu 2: Her karakteri eşleşme dict'inden bul: comp[c]"", ""💡 İpucu 3: Tamamlayıcıyı oluşturduktan sonra [::-1] ile tersine çevir.""]","25"
"list-dict","İki Listeyi Birleştir","beginner","İki sıralı listeyi birleştirerek yeni bir sıralı liste oluştur.
sort() kullanmadan yap.","def merge_sorted(a: list, b: list) -> list:
    # İki işaretçi (pointer) tekniği kullan
    pass","[{""input"": {""a"": [1, 3, 5], ""b"": [2, 4, 6]}, ""expected"": [1, 2, 3, 4, 5, 6]}, {""input"": {""a"": [1, 2], ""b"": [3, 4, 5, 6]}, ""expected"": [1, 2, 3, 4, 5, 6]}, {""input"": {""a"": [], ""b"": [1, 2, 3]}, ""expected"": [1, 2, 3]}]","[""💡 İpucu 1: İki işaretçi: i=0 (a için), j=0 (b için)"", ""💡 İpucu 2: Her adımda küçük olanı result'a ekle ve o işaretçiyi ilerlet."", ""💡 İpucu 3: Döngü bitince kalan elemanları result.extend(a[i:]) ile ekle.""]","26"
"list-dict","Sözlük Birleştirme","beginner","İki sözlüğü birleştir. Aynı anahtarlar varsa değerlerini topla.","def merge_dicts(d1: dict, d2: dict) -> dict:
    # {""a"":1,""b"":2} + {""b"":3,""c"":4} -> {""a"":1,""b"":5,""c"":4}
    pass","[{""input"": {""d1"": {""a"": 1, ""b"": 2}, ""d2"": {""b"": 3, ""c"": 4}}, ""expected"": {""a"": 1, ""b"": 5, ""c"": 4}}, {""input"": {""d1"": {}, ""d2"": {""x"": 10}}, ""expected"": {""x"": 10}}]","[""💡 İpucu 1: d1.copy() ile başla, d2'nin öğelerini üzerine ekle."", ""💡 İpucu 2: result.get(key, 0) + value ile birleştirme yap."", ""💡 İpucu 3: collections.Counter da bu iş için kullanılabilir.""]","27"
"list-dict","Gruplama","beginner","Bir sayı listesini 'tek' ve 'çift' olarak grupla.
Sonuç: {'tek': [...], 'çift': [...]}","def group_by_parity(items: list) -> dict:
    # Sayıları tek ve çift olarak grupla
    pass","[{""input"": [1, 2, 3, 4, 5, 6], ""expected"": {""tek"": [1, 3, 5], ""çift"": [2, 4, 6]}}, {""input"": [10, 15, 20, 25], ""expected"": {""tek"": [15, 25], ""çift"": [10, 20]}}]","[""💡 İpucu 1: Boş bir dict oluştur: result = {'tek': [], 'çift': []}"", ""💡 İpucu 2: Her öğe için: if n % 2 == 0 → 'çift', else → 'tek'"", ""💡 İpucu 3: result['tek'].append(n) veya result['çift'].append(n)""]","28"
"list-dict","Fark Listesi","beginner","İki liste arasındaki farkları bul: yalnızca A'da, yalnızca B'de ve ikisinde birden olan elemanlar.","def list_diff(a: list, b: list) -> dict:
    # {'only_a': [...], 'only_b': [...], 'common': [...]} döndür
    pass","[{""input"": {""a"": [1, 2, 3, 4], ""b"": [3, 4, 5, 6]}, ""expected"": {""common"": [3, 4], ""only_a"": [1, 2], ""only_b"": [5, 6]}}]","[""💡 İpucu 1: set() dönüşümü yap: sa=set(a), sb=set(b)"", ""💡 İpucu 2: only_a = sorted(sa - sb), only_b = sorted(sb - sa)"", ""💡 İpucu 3: common = sorted(sa & sb)  (kesişim)""]","29"
"list-dict","Matris Çarpımı","intermediate","İki matrisi çarp (nokta çarpımı). numpy kullanma.","def matrix_multiply(a: list, b: list) -> list:
    # C[i][j] = sum(A[i][k] * B[k][j] for k in range(...))
    pass","[{""input"": {""a"": [[1, 2], [3, 4]], ""b"": [[5, 6], [7, 8]]}, ""expected"": [[19, 22], [43, 50]]}]","[""💡 İpucu 1: Boyutlar: a = m×n, b = n×p → sonuç m×p"", ""💡 İpucu 2: Üç iç içe döngü: i (satır a), j (sütun b), k (ortak boyut)"", ""💡 İpucu 3: C[i][j] += A[i][k] * B[k][j]""]","30"
"list-dict","Stok Takibi","beginner","Bir mağazanın stok hareketlerini takip et.
Her hareket '+ürün:miktar' veya '-ürün:miktar' şeklinde.","def track_inventory(movements: list) -> dict:
    # ['+elma:10', '-elma:3', '+armut:5'] -> {'elma':7,'armut':5}
    pass","[{""input"": [""+elma:10"", ""-elma:3"", ""+armut:5""], ""expected"": {""elma"": 7, ""armut"": 5}}, {""input"": [""+kalem:100"", ""+kalem:50"", ""-kalem:30""], ""expected"": {""kalem"": 120}}]","[""💡 İpucu 1: Her harekette sign = m[0], geri kalanını ':' ile böl."", ""💡 İpucu 2: item, qty = m[1:].split(':'); qty = int(qty)"", ""💡 İpucu 3: sign=='+' ise ekle, '-' ise çıkar.""]","31"
"list-dict","Hareketli Ortalama","beginner","k elemanlı hareketli ortalama hesapla.
Yeterli eleman olmayan başlangıç pencerelerini atla.","def moving_average(nums: list, k: int) -> list:
    # Her k'lı pencere için ortalamayı hesapla
    pass","[{""input"": {""k"": 3, ""nums"": [1, 2, 3, 4, 5]}, ""expected"": [2, 3, 4]}, {""input"": {""k"": 2, ""nums"": [10, 20, 30, 40]}, ""expected"": [15, 25, 35]}]","[""💡 İpucu 1: range(k-1, len(nums)) ile kayan pencere için döngü kur."", ""💡 İpucu 2: Her adımda dilim: nums[i-k+1:i+1]"", ""💡 İpucu 3: sum(window)/k ile ortalmayı hesapla ve result'a ekle.""]","32"
"list-dict","En Uzun Artan Alt Dizi","intermediate","Bir dizideki en uzun sürekli artan alt dizinin uzunluğunu bul.","def longest_increasing_subsequence(nums: list) -> int:
    # Sürekli artan: her eleman bir öncekinden büyük
    pass","[{""input"": [1, 3, 5, 4, 7], ""expected"": 3}, {""input"": [2, 2, 2, 2, 2], ""expected"": 1}, {""input"": [1, 2, 3, 4, 5], ""expected"": 5}]","[""💡 İpucu 1: current ve max_len sayaçları tut."", ""💡 İpucu 2: nums[i] > nums[i-1] ise current += 1, değilse current = 1"", ""💡 İpucu 3: Her adımda max_len = max(max_len, current) güncelle.""]","33"
"list-dict","Fiyat Analizi","beginner","Ürün fiyatlarının bulunduğu bir sözlükten
min, max ve ortalama fiyatı döndür.","def price_analysis(prices: dict) -> dict:
    # {'elma':5,'armut':8,'muz':3} -> {'min':3,'max':8,'avg':5.33}
    pass","[{""input"": {""muz"": 3, ""elma"": 5, ""armut"": 8}, ""expected"": {""avg"": 5.33, ""max"": 8, ""min"": 3}}]","[""💡 İpucu 1: values = list(prices.values()) ile değerleri al."", ""💡 İpucu 2: min(), max() ve sum()/len() ile istatistikleri hesapla."", ""💡 İpucu 3: round(avg, 2) ile yuvarla.""]","34"
"list-dict","Kümülatif Toplam","beginner","Bir listenin kümülatif (birikimli) toplamını döndür.
[1,2,3,4] → [1,3,6,10]","def cumulative_sum(nums: list) -> list:
    # Her eleman, o noktaya kadar olan toplam olmalı
    pass","[{""input"": [1, 2, 3, 4], ""expected"": [1, 3, 6, 10]}, {""input"": [5, 5, 5, 5, 5], ""expected"": [5, 10, 15, 20, 25]}]","[""💡 İpucu 1: Döngü başında running_total = 0 tut."", ""💡 İpucu 2: Her elemanda running_total += n, ardından result'a ekle."", ""💡 İpucu 3: itertools.accumulate(nums) de aynı sonucu verir.""]","35"
"pandas","Favori Renk Anketi","beginner","Bir anket sonucu sözlüğü veriliyor. En popüler rengi bul.
(pandas kullanmadan, saf Python ile yap)","def favorite_color(poll_data: dict) -> str:
    # poll_data = {""Ahmet"": ""Mavi"", ""Ayşe"": ""Kırmızı"", ...}
    # En çok tekrar eden rengi döndür
    pass","[{""input"": {""A"": ""Mavi"", ""B"": ""Kırmızı"", ""C"": ""Mavi"", ""D"": ""Yeşil"", ""E"": ""Mavi""}, ""expected"": ""Mavi""}, {""input"": {""X"": ""Siyah"", ""Y"": ""Siyah""}, ""expected"": ""Siyah""}]","[""💡 İpucu 1: Boş bir dict oluştur: counts = {}"", ""💡 İpucu 2: Her değer için counts[color] = counts.get(color, 0) + 1"", ""💡 İpucu 3: max(counts, key=counts.get) ile en yüksek frekanslıyı bul.""]","36"
"pandas","Eksik Değer Doldurma","beginner","Bir sayı listesindeki None değerleri, listenin ortalamasıyla doldur.
(pandas kullanmadan, saf Python ile)","def fill_missing(numbers: list) -> list:
    # [1, None, 3, None, 5] -> [1, 3.0, 3, 3.0, 5]
    pass","[{""input"": [1, null, 3, null, 5], ""expected"": [1, 3, 3, 3, 5]}, {""input"": [10, null, 20], ""expected"": [10, 15, 20]}]","[""💡 İpucu 1: Önce sadece sayısal değerlerin ortalamasını hesapla."", ""💡 İpucu 2: nums = [x for x in numbers if x is not None]"", ""💡 İpucu 3: Ortalama = sum(nums) / len(nums); sonra None'ları bu değerle değiştir.""]","37"
"pandas","Satış Raporu","beginner","Satış verisini ürün bazında grupla, toplam satışı hesapla ve en çok satan ürünü döndür.","def top_selling_product(sales_data: list) -> str:
    # [{'product':'A','amount':100}, ...] -> en çok satan ürün adı
    pass","[{""input"": [{""amount"": 100, ""product"": ""A""}, {""amount"": 200, ""product"": ""B""}, {""amount"": 150, ""product"": ""A""}], ""expected"": ""A""}]","[""💡 İpucu 1: Bir dict ile ürün → toplam satış tut: totals = {}"", ""💡 İpucu 2: Her kayıt için totals[product] = totals.get(product, 0) + amount"", ""💡 İpucu 3: max(totals, key=totals.get) ile en yüksek satışlı ürünü bul.""]","38"
"pandas","Günlük Ortalama","intermediate","Günlük veri sözlüğünden haftalık ortalama hesapla.
Her hafta 7 günlük gruplara böl ve ortalamasını al.","def weekly_average(daily_data: dict) -> list:
    # {'2024-01-01': 10, '2024-01-02': 20, ...} -> [hafta1_ort, hafta2_ort, ...]
    pass","[{""input"": {""d1"": 10, ""d2"": 20, ""d3"": 30, ""d4"": 40, ""d5"": 50, ""d6"": 60, ""d7"": 70, ""d8"": 80}, ""expected"": [40, 80]}]","[""💡 İpucu 1: Değerleri listeye al: values = list(daily_data.values())"", ""💡 İpucu 2: 7'şerlik gruplara böl: [values[i:i+7] for i in range(0, len(values), 7)]"", ""💡 İpucu 3: Her grubun ortalamasını al: sum(group)/len(group)""]","39"
"pandas","Korelasyon Analizi","intermediate","İki sayı listesi arasındaki Pearson korelasyonunu hesapla ve yorumla.
0.7+ güçlü, 0.4-0.7 orta, <0.4 zayıf.","def correlation_analysis(x: list, y: list) -> dict:
    # {'correlation': float, 'strength': str} döndür
    pass","[{""input"": {""x"": [1, 2, 3, 4, 5], ""y"": [2, 4, 6, 8, 10]}, ""expected"": {""strength"": ""güçlü"", ""correlation"": 1}}, {""input"": {""x"": [1, 2, 3, 4, 5], ""y"": [5, 4, 3, 2, 1]}, ""expected"": {""strength"": ""güçlü"", ""correlation"": -1}}]","[""💡 İpucu 1: Pearson formülü: r = Σ((xi-x̄)(yi-ȳ)) / √(Σ(xi-x̄)² · Σ(yi-ȳ)²)"", ""💡 İpucu 2: Önce x_bar = sum(x)/len(x), y_bar = sum(y)/len(y) hesapla."", ""💡 İpucu 3: abs(r) >= 0.7 → 'güçlü', >= 0.4 → 'orta', else → 'zayıf'""]","40"
"pandas","Tekrar Eden Satırlar","beginner","Bir listedeki tekrar eden öğeleri kaldır ve kaç tane kaldırıldığını döndür.
Sonuç: (temizlenmiş_liste, kaldırılan_sayısı)","def remove_duplicates(items: list) -> list:
    # (temizlenmiş_liste, kaldırılan_sayısı) döndür
    pass","[{""input"": [1, 2, 2, 3, 3, 3, 4], ""expected"": [[1, 2, 3, 4], 3]}, {""input"": [""a"", ""b"", ""a"", ""c""], ""expected"": [[""a"", ""b"", ""c""], 1]}]","[""💡 İpucu 1: seen = set() ile görülen öğeleri takip et."", ""💡 İpucu 2: Her öğe için: if item not in seen → ekle, else → sayacı artır."", ""💡 İpucu 3: Sonuç: [clean_list, removed_count]""]","41"
"pandas","Yaş Grubu Segmentasyonu","beginner","Yaş listesini gruplara ayır: 0-17 'Genç', 18-64 'Yetişkin', 65+ 'Yaşlı'.","def age_segment(ages: list) -> list:
    # [15, 25, 70, 5] -> ['Genç', 'Yetişkin', 'Yaşlı', 'Genç']
    pass","[{""input"": [15, 25, 70, 5, 45], ""expected"": [""Genç"", ""Yetişkin"", ""Yaşlı"", ""Genç"", ""Yetişkin""]}]","[""💡 İpucu 1: Her yaş için koşullu kontrol yap."", ""💡 İpucu 2: if age <= 17: 'Genç', elif age <= 64: 'Yetişkin', else: 'Yaşlı'"", ""💡 İpucu 3: List comprehension kullan: [segment(a) for a in ages]""]","42"
"pandas","Grup Toplamı","intermediate","Satış verisinden bölge bazında toplam satışı hesapla.
Sonuç: {bölge: toplam_satış} sözlüğü","def region_totals(sales: list) -> dict:
    # [{'region':'A','sales':100}, ...] -> {'A': 250, 'B': 150}
    pass","[{""input"": [{""sales"": 100, ""region"": ""A""}, {""sales"": 50, ""region"": ""B""}, {""sales"": 150, ""region"": ""A""}, {""sales"": 100, ""region"": ""B""}], ""expected"": {""A"": 250, ""B"": 150}}]","[""💡 İpucu 1: Boş bir dict: totals = {}"", ""💡 İpucu 2: Her kayıt için totals[region] = totals.get(region, 0) + sales"", ""💡 İpucu 3: totals dict'ini döndür.""]","43"
"pandas","Aykırı Değer Tespiti","intermediate","IQR yöntemiyle aykırı değerleri tespit et.
Q1-1.5*IQR altındakiler veya Q3+1.5*IQR üstündekiler aykırıdır.
Sonuç: aykırı değerlerin indeks listesi.","def detect_outliers(data: list) -> list:
    # Aykırı değerlerin indekslerini döndür
    pass","[{""input"": [1, 2, 2, 3, 3, 3, 100], ""expected"": [6]}, {""input"": [10, 11, 12, 13, 14, 15], ""expected"": []}]","[""💡 İpucu 1: Sıralı listeden Q1 (25. yüzdelik) ve Q3 (75. yüzdelik) hesapla."", ""💡 İpucu 2: IQR = Q3 - Q1; alt sınır = Q1 - 1.5*IQR, üst sınır = Q3 + 1.5*IQR"", ""💡 İpucu 3: [i for i, x in enumerate(data) if x < lower or x > upper]""]","44"
"pandas","Rolling Ortalama","intermediate","k pencereli rolling (kayan) ortalama hesapla.
İlk k-1 değer için sonuç None olsun.","def rolling_average(data: list, k: int) -> list:
    # k pencereli kayan ortalama
    pass","[{""input"": {""k"": 3, ""data"": [1, 2, 3, 4, 5]}, ""expected"": [null, null, 2, 3, 4]}, {""input"": {""k"": 2, ""data"": [10, 20, 30, 40]}, ""expected"": [null, 15, 25, 35]}]","[""💡 İpucu 1: İlk k-1 değer için None döndür."", ""💡 İpucu 2: i >= k-1 için: sum(data[i-k+1:i+1]) / k"", ""💡 İpucu 3: Sonuç listesi oluştur ve her adımda ekle.""]","45"
"algorithms","İkili Arama","beginner","Sıralı bir listede binary search ile hedef sayının indeksini döndür.
Bulunamazsa -1 döndür.","def binary_search(arr: list, target: int) -> int:
    # O(log n) zaman karmaşıklığı hedefle
    pass","[{""input"": {""arr"": [1, 3, 5, 7, 9, 11], ""target"": 7}, ""expected"": 3}, {""input"": {""arr"": [1, 3, 5, 7, 9, 11], ""target"": 6}, ""expected"": -1}, {""input"": {""arr"": [1], ""target"": 1}, ""expected"": 0}]","[""💡 İpucu 1: left=0, right=len(arr)-1 ile başla."", ""💡 İpucu 2: mid = (left+right)//2; arr[mid]>target ise right=mid-1, küçükse left=mid+1"", ""💡 İpucu 3: arr[mid]==target ise mid'i döndür. Döngü biterse -1.""]","46"
"algorithms","Bubble Sort","beginner","Bubble sort algoritmasıyla bir listeyi küçükten büyüğe sırala.
Orijinal listeyi değiştirme, kopyasını döndür.","def bubble_sort(arr: list) -> list:
    # Her geçişte büyük elemanları sona taşı
    pass","[{""input"": [64, 34, 25, 12, 22, 11, 90], ""expected"": [11, 12, 22, 25, 34, 64, 90]}, {""input"": [5, 1, 4, 2, 8], ""expected"": [1, 2, 4, 5, 8]}]","[""💡 İpucu 1: arr = arr[:] ile kopya al."", ""💡 İpucu 2: İki iç içe döngü: dış n kez, iç komşuları karşılaştırır."", ""💡 İpucu 3: arr[j] > arr[j+1] ise swap yap: arr[j], arr[j+1] = arr[j+1], arr[j]""]","47"
"algorithms","Bozuk Para Hesabı (Greedy)","beginner","Verilen miktarı en az sayıda bozuk para ile öde.
Kullanılabilir bozukluklar: [100,50,25,10,5,1] kuruş.","def make_change(amount: int) -> dict:
    # {100:x, 50:y, ...} kaç tane hangi bozukluktan
    coins = [100, 50, 25, 10, 5, 1]
    pass","[{""input"": 187, ""expected"": {""1"": 2, ""5"": 0, ""10"": 1, ""25"": 1, ""50"": 1, ""100"": 1}}, {""input"": 75, ""expected"": {""1"": 0, ""5"": 0, ""10"": 0, ""25"": 1, ""50"": 1, ""100"": 0}}]","[""💡 İpucu 1: Her bozukluk için: count = amount // coin"", ""💡 İpucu 2: amount = amount % coin ile kalanı güncelle."", ""💡 İpucu 3: Sonuçları result[coin] = count olarak sakla.""]","48"
"algorithms","Kaplama Problemi","intermediate","n merdiven basamağı var. Her adımda 1 veya 2 basamak çıkabilirsin.
Kaç farklı yol var? (Dinamik programlama)","def climb_stairs(n: int) -> int:
    # DP ile çöz: dp[i] = dp[i-1] + dp[i-2]
    pass","[{""input"": 2, ""expected"": 2}, {""input"": 3, ""expected"": 3}, {""input"": 5, ""expected"": 8}]","[""💡 İpucu 1: Bu aslında Fibonacci dizisi! dp[1]=1, dp[2]=2"", ""💡 İpucu 2: dp[i] = dp[i-1] + dp[i-2] (bir önceki veya iki önceki basamaktan gelir)"", ""💡 İpucu 3: Hafıza optimizasyonu için yalnızca son iki değeri tut.""]","49"
"algorithms","En Kısa Yol (BFS)","intermediate","Bir 2D grid'de (0=geçit, 1=duvar) baştan (0,0) hedefe (n-1,m-1) en kısa yol kaç adım?
Yol yoksa -1 döndür.","def shortest_path(grid: list) -> int:
    # BFS ile en kısa yol
    pass","[{""input"": [[0, 0, 0], [1, 1, 0], [0, 0, 0]], ""expected"": 4}, {""input"": [[0, 1], [1, 0]], ""expected"": -1}]","[""💡 İpucu 1: BFS için queue kullan: [(0,0,0)]  # (satır, sütun, adım)"", ""💡 İpucu 2: Ziyaret edilenleri takip et: visited = set(); visited.add((0,0))"", ""💡 İpucu 3: 4 yön: [(-1,0),(1,0),(0,-1),(0,1)]; sınır ve duvar kontrolü yap.""]","50"
"strings","💖 Emoji Envanteri: Sosyal Medya Duygu Analizi","intermediate","Sosyal medya platformumuzdaki gönderilerin genel duygu tonunu anlamak için hızlı bir analiz aracına ihtiyacımız var! 📊 Göreviniz, verilen bir metin içindeki belirli pozitif, negatif ve nötr emojileri sayarak bir 'duygu envanteri' oluşturmaktır. Fonksiyonunuz, metni taramalı ve her kategoriye ait emojilerin toplam sayısını içeren bir sözlük döndürmelidir. 🕵️‍♀️ Bu, içerik yöneticilerimizin etkileşimi daha iyi anlamasına yardımcı olacak! 

**Emoji Kategorileri (Örnekler):**
- **Pozitif:** 😂, 👍, ❤️, ✨, 🥳
- **Negatif:** 😠, 👎, 😔, 💔, 😭
- **Nötr:** 💡, 📍, 📚, ⏰, 🤔

**Örnek Kullanım:**
Input: ""Harika bir gün! ✨ Çok eğlendim 😂👍 ama biraz da düşündürücü 🤔""
Output: {""pozitif"": 3, ""negatif"": 0, ""nötr"": 1}","def emoji_analizcisi(metin: str) -> dict:
    # Bu alan, pozitif, negatif ve nötr emojileri tanımladığınız yer olacak.
    pozitif_emojiler = ['😂', '👍', '❤️', '✨', '🥳']
    negatif_emojiler = ['😠', '👎', '😔', '💔', '😭']
    notr_emojiler = ['💡', '📍', '📚', '⏰', '🤔']

    # Başlangıçta sayaçları sıfırlayın
    sayaclar = {
        ""pozitif"": 0,
        ""negatif"": 0,
        ""nötr"": 0
    }

    # Metin üzerinde karakter karakter gezinerek emojileri sayın.
    pass","[{""input"": ""Harika bir gün! ✨ Çok eğlendim 😂👍"", ""expected"": {""nötr"": 0, ""negatif"": 0, ""pozitif"": 3}}, {""input"": ""Çok üzgünüm 😔 neden böyle oldu ki 💔😭"", ""expected"": {""nötr"": 0, ""negatif"": 3, ""pozitif"": 0}}, {""input"": ""Ders çalışıyorum 📚 yeni bir fikir💡 çıktı ama henüz emin değilim 🤔"", ""expected"": {""nötr"": 3, ""negatif"": 0, ""pozitif"": 0}}, {""input"": ""Bugün hava güzel.☕️ Kahve içtim. Hava karardı."", ""expected"": {""nötr"": 0, ""negatif"": 0, ""pozitif"": 0}}, {""input"": ""Karışık duygular: 😂😔👍💔📚💡"", ""expected"": {""nötr"": 2, ""negatif"": 2, ""pozitif"": 2}}, {""input"": """", ""expected"": {""nötr"": 0, ""negatif"": 0, ""pozitif"": 0}}, {""input"": ""Sadece bir metin parçasıdır, emoji yok."", ""expected"": {""nötr"": 0, ""negatif"": 0, ""pozitif"": 0}}, {""input"": ""🥳✨🥳✨ Bu bir parti! 🎉"", ""expected"": {""nötr"": 0, ""negatif"": 0, ""pozitif"": 4}}, {""input"": ""Her şey çok kötü 😭😠👎"", ""expected"": {""nötr"": 0, ""negatif"": 3, ""pozitif"": 0}}]","[""💡 İpucu 1: Fonksiyonun başında, pozitif, negatif ve nötr emojileri ayrı Python listeleri (veya setleri) olarak tanımlayın. Örneğin: `pozitif_emojiler = ['😂', '👍', '❤️']`"", ""💡 İpucu 2: Sonuçları tutmak için `{\""pozitif\"": 0, \""negatif\"": 0, \""nötr\"": 0}` şeklinde bir sözlük (dictionary) oluşturarak başlayın."", ""💡 İpucu 3: Gelen `metin` parametresi üzerinde bir `for` döngüsü kullanarak her bir karakteri (emoji dahil) tek tek kontrol edin. Python'da emojiler de tek karakter gibi işlenir."", ""💡 İpucu 4: Her karakteri kontrol ederken, `if karakter in pozitif_emojiler:` gibi koşullu ifadeler kullanarak karakterin hangi emoji kategorisine ait olduğunu belirleyin ve ilgili sayacı artırın.""]","51"
"strings","🕵️‍♀️ Emoji Gizemleri: Gizli Mesajı Bul! 🔍","beginner","Sosyal medyada arkadaşlarınla emoji dolu mesajlar paylaşıyorsun! 🥳 Bazı mesajlar ise özel bir gizem taşıyor. Belirli bir emoji deseniyle başlayan (⭐✨🌟) ve yine belirli bir emoji deseniyle biten (🌟✨⭐) mesajlar içinde gizli bir anahtar kelime saklı. Senin görevin, verilen bir mesajın bu gizemli formatta olup olmadığını kontrol etmek ve eğer öyleyse, o gizli anahtar kelimeyi bulup çıkarmak! 🤫

**Örnek Kullanım:**

Girdi: `⭐✨🌟PythonHarika🌟✨⭐`
Çıktı: `PythonHarika`

Girdi: `Merhaba dünya! 👋`
Çıktı: `None`

Girdi: `⭐✨🌟🌟✨⭐`
Çıktı: `''` (boş string)","def gizli_mesaji_bul(mesaj: str) -> str | None:
    # Mesajın belirli emoji desenleriyle başlayıp bitmediğini kontrol et.
    # Eğer öyleyse, bu desenleri mesajdan çıkararak gizli anahtar kelimeyi bul.
    pass","[{""input"": ""⭐✨🌟PythonHarika🌟✨⭐"", ""expected"": ""PythonHarika""}, {""input"": ""⭐✨🌟KodlamakEglenceli🌟✨⭐"", ""expected"": ""KodlamakEglenceli""}, {""input"": ""⭐✨🌟🌟✨⭐"", ""expected"": """"}, {""input"": ""Merhaba dünya! 👋"", ""expected"": null}, {""input"": ""🚀✨🌟Merhaba🌟✨⭐"", ""expected"": null}, {""input"": ""⭐✨🌟Merhaba🌟✨🚀"", ""expected"": null}, {""input"": ""Sadece normal bir mesaj."", ""expected"": null}, {""input"": ""Bu mesajda ⭐✨🌟gizli🌟✨⭐ var ama format hatalı."", ""expected"": null}, {""input"": ""⭐✨Merhaba🌟✨⭐"", ""expected"": null}, {""input"": ""⭐✨🌟Kısa🌟✨⭐"", ""expected"": ""Kısa""}, {""input"": ""⭐✨🌟Biraz uzunca bir gizemli mesaj🌟✨⭐"", ""expected"": ""Biraz uzunca bir gizemli mesaj""}]","[""💡 İpucu 1: Bir string'in belirli bir alt string ile başlayıp başlamadığını kontrol etmek için `.startswith()` metodunu kullanabilirsin."", ""💡 İpucu 2: Benzer şekilde, bir string'in belirli bir alt string ile bitip bitmediğini kontrol etmek için `.endswith()` metodunu kullanabilirsin."", ""💡 İpucu 3: Eğer mesaj gizli formata uyuyorsa, gizli anahtar kelimeyi bulmak için string dilimleme (slicing) kullanabilirsin. Başlangıç ve bitiş desenlerinin uzunluklarına dikkat et! Her iki desen de 3 emoji karakter uzunluğunda.""]","52"
"strings","🚀 Sosyal Medya Post Kontrolcüsü: Trend ve Temiz Mi?","intermediate","Bir sosyal medya platformunda içerik moderatörü olarak çalışıyorsun! 📝 Amacın, kullanıcıların gönderdiği mesajların belirli kriterlere uyup uymadığını kontrol etmek. Mesaj, en az bir trendy hashtag içermeli VE yasaklı kelimelerden veya emojilerden hiçbirini barındırmamalıdır. Fonksiyonunuz, bir mesajın bu iki koşulu da sağlıyorsa `True`, aksi takdirde `False` döndürmelidir. Unutmayın, hashtagler ve yasaklı kelimeler/emojiler için kontrol yaparken büyük/küçük harf veya emoji duyarlılığına dikkat edin (kelimeler küçük harf duyarsız, emojiler duyarlı kalmalı).","def post_kontrol_et(mesaj: str, trend_hashtagler: list[str], yasakli_kelimeler_ve_emojiler: list[str]) -> bool:
    # Kullanıcının mesajını belirli kurallara göre kontrol eder.
    # - En az bir trend hashtag içermeli.
    # - Hiçbir yasaklı kelime/emoji içermemeli.
    pass","[{""input"": {""mesaj"": ""Harika bir #Python projesi üzerinde çalışıyorum! #Gelişim"", ""trend_hashtagler"": [""#python"", ""#yapayzeka""], ""yasakli_kelimeler_ve_emojiler"": [""yasaklı"", ""spam""]}, ""expected"": true}, {""input"": {""mesaj"": ""Bu spam mesajı lütfen bildirin! #Önemli"", ""trend_hashtagler"": [""#önemli""], ""yasakli_kelimeler_ve_emojiler"": [""spam"", ""virüs""]}, ""expected"": false}, {""input"": {""mesaj"": ""Bugün hava çok güzel!"", ""trend_hashtagler"": [""#güneş"", ""#plaj""], ""yasakli_kelimeler_ve_emojiler"": []}, ""expected"": false}, {""input"": {""mesaj"": ""Sıkıcı bir gün 😠"", ""trend_hashtagler"": [""#mood""], ""yasakli_kelimeler_ve_emojiler"": [""sıkıcı"", ""😠""]}, ""expected"": false}, {""input"": {""mesaj"": ""Yeni bir #PYTHON dersi! #öğren"", ""trend_hashtagler"": [""#python"", ""#ders""], ""yasakli_kelimeler_ve_emojiler"": []}, ""expected"": true}, {""input"": {""mesaj"": ""Bu bir YASAKLI kelimedir! #Uyarı"", ""trend_hashtagler"": [""#uyarı""], ""yasakli_kelimeler_ve_emojiler"": [""yasaklı""]}, ""expected"": false}, {""input"": {""mesaj"": ""Her şey yolunda! #Mutlu"", ""trend_hashtagler"": [], ""yasakli_kelimeler_ve_emojiler"": []}, ""expected"": false}, {""input"": {""mesaj"": ""Süper bir gün! #Hava"", ""trend_hashtagler"": [""#hava""], ""yasakli_kelimeler_ve_emojiler"": []}, ""expected"": true}]","[""💡 İpucu 1: Mesajın tamamını küçük harfe çevirerek hem trendy hashtag hem de yasaklı kelime kontrollerini (emoji dışındaki) kolaylaştırabilirsiniz."", ""💡 İpucu 2: Trendy hashtag kontrolü için bir döngü kullanarak `any()` fonksiyonunu düşünebilirsiniz. En az bir tanesi mesajda varsa, ilk koşul sağlanmış demektir."", ""💡 İpucu 3: Yasaklı kelimeler/emojiler için de benzer bir döngü kurun. Eğer mesajda herhangi bir yasaklı kelime/emoji bulunursa, hemen `False` döndürebilirsiniz."", ""💡 İpucu 4: Python'daki `in` operatörü string içinde alt string aramak için çok kullanışlıdır.""]","53"
"list-dict","🍽️ Emoji Sipariş Fiyatı Hesaplayıcı","intermediate","Mahallenin en popüler kafesi, modern çağa ayak uydurarak sadece emojilerle sipariş alıyor! 📲 Bu sistemde, her bir yiyecek ve içecek emojisi belirli bir fiyata sahip. Görevin, müşterinin verdiği emoji dolu sipariş stringini (örn: '🍕🍔🍟🥤') analiz ederek toplam tutarı hesaplayan bir fonksiyon yazmak. Dikkatli ol, bazı emojiler listede olmayabilir, onların fiyatı 0'dır.","def hesapla_emoji_siparis_fiyati(siparis_stringi: str) -> float:
    # Her bir emoji için fiyatları tutan bir sözlük tanımlayalım.
    emoji_fiyatlari = {
        ""🍕"": 15.00,
        ""🍔"": 12.50,
        ""🍟"": 7.00,
        ""🥤"": 5.00,
        ""☕"": 6.00,
        ""🍩"": 8.50,
        ""🍦"": 9.00,
        ""🥪"": 10.00,
        ""🍰"": 11.00,
        ""🍎"": 4.00
    }
    # Toplam fiyatı hesaplamak için kodu buraya yazın.
    pass","[{""input"": ""🍕🍔🥤"", ""expected"": 32.5}, {""input"": ""🍟🍟🥤"", ""expected"": 19}, {""input"": ""🍕✨🍔"", ""expected"": 27.5}, {""input"": ""☕🍩🍦"", ""expected"": 23.5}, {""input"": ""🍎🥪"", ""expected"": 14}, {""input"": """", ""expected"": 0}, {""input"": ""🌟😊"", ""expected"": 0}, {""input"": ""🍕🍕🍕🥤"", ""expected"": 50}]","[""💡 Sipariş stringi içindeki her bir emoji karakteri üzerinde döngü (loop) kurmayı düşünün."", ""💡 `emoji_fiyatlari` sözlüğünden her bir emojinin fiyatını alırken `.get(emoji, 0.0)` metodunu kullanarak, menüde olmayan emojiler için varsayılan bir değer (0.0) döndürebilirsiniz."", ""💡 Toplam fiyatı tutmak için döngüden önce bir değişken tanımlayın ve her emojinin fiyatını bu değişkene ekleyin.""]","54"
"strings","Viral Potansiyel Skoru Hesapla 📈🚀","intermediate","Sosyal medya yöneticisi olarak, platformunuzda hangi gönderilerin daha fazla etkileşim yaratabileceğini öngörmeniz gerekiyor. Bu görevde, kullanıcıların paylaştığı gönderi metinlerini analiz ederek 'Viral Potansiyel Skoru' hesaplayan bir fonksiyon yazmalısınız. Fonksiyonunuz, metindeki belirli trend kelimelerin ve pozitif emojilerin kullanımına göre bir skor döndürecektir. Her trend kelime +5 puan, her pozitif emoji +3 puan değerindedir. Kelime aramalarında küçük/büyük harf duyarlılığı olmamalıdır.","def hesapla_viral_skor(gonderi_metni: str, trend_kelimeler: list[str], pozitif_emojiler: list[str]) -> int:
    # Gönderi metninin viral potansiyel skorunu hesaplayan kodunuzu buraya yazın.
    pass","[{""input"": {""gonderi_metni"": ""Harika bir gün! #python çok eğlenceli 🚀🔥"", ""trend_kelimeler"": [""python"", ""eğlenceli"", ""kodlama""], ""pozitif_emojiler"": [""🚀"", ""🔥"", ""✨""]}, ""expected"": 16}, {""input"": {""gonderi_metni"": ""Bu challenge gerçekten eğlenceli! Kodlama öğrenmek harika! 😊👍"", ""trend_kelimeler"": [""challenge"", ""eğlenceli"", ""kodlama"", ""öğrenmek""], ""pozitif_emojiler"": [""😊"", ""👍"", ""💡""]}, ""expected"": 26}, {""input"": {""gonderi_metni"": ""Sıradan bir metin. Hiçbir viral potansiyel yok."", ""trend_kelimeler"": [""viral"", ""popüler"", ""challenge""], ""pozitif_emojiler"": [""🎉"", ""🥳""]}, ""expected"": 0}, {""input"": {""gonderi_metni"": ""PyThOn çok iyi! EğLenceli! Ve bu bir CHALLENGE! 🎉"", ""trend_kelimeler"": [""python"", ""eğlenceli"", ""challenge""], ""pozitif_emojiler"": [""🎉""]}, ""expected"": 18}, {""input"": {""gonderi_metni"": ""Bugün hava güzel. ☀️"", ""trend_kelimeler"": [""güneş"", ""hava"", ""güzel""], ""pozitif_emojiler"": [""✨"", ""🌈""]}, ""expected"": 0}]","[""💡 İpucu 1: Metindeki kelimeleri karşılaştırırken küçük/büyük harf duyarlılığını ortadan kaldırmak için `lower()` metodunu kullanmayı unutmayın."", ""💡 İpucu 2: Gönderi metnini kelimelere ayırmak için `split()` veya düzenli ifadeler (regex) kullanabilirsiniz. Ancak basit bir `split()` metodu da iş görecektir, noktalama işaretlerini temizlemeyi düşünebilirsiniz."", ""💡 İpucu 3: Emojileri saymak için, her bir pozitif emojinin gönderi metninde kaç kez geçtiğini kontrol eden bir döngü yazabilirsiniz. `string.count()` metodu bu konuda size yardımcı olabilir.""]","55"
"strings","😎 Ruh Hali Emoji Dedektörü","intermediate","Merhaba sevgili geleceğin veri bilimcileri! 👩‍💻 Sosyal medya platformları, kullanıcılarının duygularını anlamak için sürekli yeni yollar arıyor. Bu görevde, bir kullanıcının paylaştığı metindeki emojilere bakarak genel ruh halini tespit eden bir Python fonksiyonu yazacaksın. ✨ Fonksiyonun, girdi olarak bir sosyal medya gönderisi (string) ve farklı ruh hallerini (örneğin, 'mutlu', 'üzgün') temsil eden emoji listelerini içeren bir sözlük (dict) alacak. Hangi ruh halinden daha fazla emoji varsa, o ruh halini döndürmelisin. Eğer bilinen bir emoji bulunamazsa veya birden fazla ruh hali eşit sayıda emoji içeriyorsa, 'belirsiz' döndürmelisin. 🤔

Örnek Girdi ve Çıktılar:
post = ""Bugün hava harika! 😊☀️""
mood_map = {""mutlu"": [""😊"", ""😄""], ""üzgün"": [""😢"", ""😔""]}
Çıktı: ""mutlu""

post = ""Çok sıkıcı bir gün 😭"",
mood_map = {""mutlu"": [""😊"", ""😄""], ""üzgün"": [""😢"", ""😔""]}
Çıktı: ""üzgün""

post = ""Sadece metin var.""
mood_map = {""mutlu"": [""😊"", ""😄""], ""üzgün"": [""😢"", ""😔""]}
Çıktı: ""belirsiz","def emoji_ruh_hali_dedektoru(post: str, mood_map: dict) -> str:
    # Her bir ruh hali için emoji sayılarını tutacak bir sayaç sözlüğü oluştur.
    # Gönderideki her karakteri kontrol et.
    # Eğer karakter bir emoji ise ve mood_map içinde tanımlıysa, ilgili ruh halinin sayacını artır.
    # En yüksek sayaca sahip ruh halini bul.
    # Beraberlik veya emoji olmaması durumlarını yönetmeyi unutma!
    pass","[{""input"": {""post"": ""Bugün hava çok güzel! 😊😄"", ""mood_map"": {""mutlu"": [""😊"", ""😄"", ""🥳"", ""✨""], ""üzgün"": [""😢"", ""😭"", ""😔"", ""💔""], ""şaşkın"": [""😮"", ""🤯"", ""😳""]}}, ""expected"": ""mutlu""}, {""input"": {""post"": ""Çok yorgunum ve üzgünüm 😔😢"", ""mood_map"": {""mutlu"": [""😊"", ""😄"", ""🥳"", ""✨""], ""üzgün"": [""😢"", ""😭"", ""😔"", ""💔""], ""şaşkın"": [""😮"", ""🤯"", ""😳""]}}, ""expected"": ""üzgün""}, {""input"": {""post"": ""Şaşırtıcı bir haber aldım! 🤯😳 Ama yine de mutluyum 😊"", ""mood_map"": {""mutlu"": [""😊"", ""😄"", ""🥳"", ""✨""], ""üzgün"": [""😢"", ""😭"", ""😔"", ""💔""], ""şaşkın"": [""😮"", ""🤯"", ""😳""]}}, ""expected"": ""şaşkın""}, {""input"": {""post"": ""Sadece metin var."", ""mood_map"": {""mutlu"": [""😊"", ""😄"", ""🥳"", ""✨""], ""üzgün"": [""😢"", ""😭"", ""😔"", ""💔""], ""şaşkın"": [""😮"", ""🤯"", ""😳""]}}, ""expected"": ""belirsiz""}, {""input"": {""post"": ""🤔🤷‍♀️ Bu ne demek?"", ""mood_map"": {""mutlu"": [""😊"", ""😄"", ""🥳"", ""✨""], ""üzgün"": [""😢"", ""😭"", ""😔"", ""💔""], ""şaşkın"": [""😮"", ""🤯"", ""😳""]}}, ""expected"": ""belirsiz""}, {""input"": {""post"": ""Mutluluk ve biraz hüzün 😊😔"", ""mood_map"": {""mutlu"": [""😊"", ""😄"", ""🥳"", ""✨""], ""üzgün"": [""😢"", ""😭"", ""😔"", ""💔""], ""şaşkın"": [""😮"", ""🤯"", ""😳""]}}, ""expected"": ""belirsiz""}, {""input"": {""post"": """", ""mood_map"": {""mutlu"": [""😊"", ""😄"", ""🥳"", ""✨""], ""üzgün"": [""😢"", ""😭"", ""😔"", ""💔""], ""şaşkın"": [""😮"", ""🤯"", ""😳""]}}, ""expected"": ""belirsiz""}, {""input"": {""post"": ""Harika bir gün ✨✨✨"", ""mood_map"": {""mutlu"": [""😊"", ""😄"", ""🥳"", ""✨""], ""üzgün"": [""😢"", ""😭"", ""😔"", ""💔""], ""şaşkın"": [""😮"", ""🤯"", ""😳""]}}, ""expected"": ""mutlu""}, {""input"": {""post"": ""Of be 💔"", ""mood_map"": {""mutlu"": [""😊"", ""😄"", ""🥳"", ""✨""], ""üzgün"": [""😢"", ""😭"", ""😔"", ""💔""], ""şaşkın"": [""😮"", ""🤯"", ""😳""]}}, ""expected"": ""üzgün""}]","[""💡 İlk adım olarak, gönderideki her bir karakteri tek tek kontrol etmelisin. Bir döngü (for loop) kullanmak işini kolaylaştıracaktır. 🔁"", ""💡 Her bir karakterin hangi ruh haline ait olduğunu bulmak için, 'mood_map' sözlüğünün değerlerini (emoji listeleri) kontrol etmelisin. Bir karakterin bu listelerden birinde olup olmadığını 'in' operatörü ile kontrol edebilirsin. 🧐"", ""💡 Emojilerin sayılarını takip etmek için bir sayaç sözlüğü oluşturabilirsin. Örneğin, `emoji_sayilari = {'mutlu': 0, 'üzgün': 0}` gibi. Bulduğun her emoji için ilgili ruh halinin sayacını artır. ➕"", ""💡 Tüm emojileri saydıktan sonra, hangi ruh halinin en yüksek sayaca sahip olduğunu bulman gerekecek. `max()` fonksiyonunu, `key` parametresiyle kullanarak sözlük değerlerine göre maksimum olanı bulabilirsin. Ama dikkat et, beraberlik durumunda ne yapacağını unutma! 🤯"", ""💡 Eğer hiçbir emoji bulunamazsa veya en yüksek sayıya sahip birden fazla ruh hali varsa, 'belirsiz' döndürdüğünden emin olmalısın. Bu kontrolü, sonuçları değerlendirdikten sonra yapabilirsin. 😉""]","56"
"strings","🌟 Sosyal Medya İçerik Avcısı: Trendleri Yakala!","intermediate","Merhaba sevgili içerik avcıları! 🏹 Popüler bir sosyal medya platformunda görevlisiniz ve göreviniz, ""viral"" olabilecek gönderileri tespit etmek. Bir gönderinin viral potansiyeli taşıması için iki temel koşulu sağlaması gerekiyor:
1. Gönderi metni, size verilen trend hashtag'lerden en az birini içermeli (büyük/küçük harf duyarsız olmalı!).
2. Gönderi metninde, belirtilen minimum emoji sayısına eşit veya daha fazla emoji bulunmalı. Emojileri sayarken, Unicode karakter setindeki yaygın emoji aralıklarını (örn: U+1F600 - U+1F64F arası gülümsemeler, U+1F300 - U+1F5FF arası semboller vb.) dikkate almalısınız.
Fonksiyonunuz, bir gönderinin bu kriterlere uyup uymadığını belirten `True` veya `False` döndürmelidir.

Örnek Kullanım:
analyze_social_post(""Harika bir gün! #PythonChallenge 🚀"", [""#pythonchallenge"", ""#coding""], 1)  çıktı: True
analyze_social_post(""Sadece biraz kod yazdım."", [""#javascript""], 0) çıktı: False
analyze_social_post(""Çok mutluyum! 😊"", [""#mutluluk""], 2) çıktı: False","def analyze_social_post(post_text: str, trending_hashtags: list[str], min_emoji_count: int) -> bool:
    # Gönderinin viral potansiyelini belirlemek için hashtag ve emoji kontrolü yapın.
    pass","[{""input"": {""post_text"": ""Python öğrenmek çok eğlenceli! #PyDev #codingchallenge 🐍"", ""min_emoji_count"": 1, ""trending_hashtags"": [""#pydev"", ""#datascience""]}, ""expected"": true}, {""input"": {""post_text"": ""Hafta sonu planları! Kahve keyfi ☕"", ""min_emoji_count"": 2, ""trending_hashtags"": [""#tatil"", ""#gezi""]}, ""expected"": false}, {""input"": {""post_text"": ""Yeni bir başlangıç! 🚀"", ""min_emoji_count"": 1, ""trending_hashtags"": [""#yenibaşlangıç"", ""#motivasyon""]}, ""expected"": true}, {""input"": {""post_text"": ""Bugün hava çok güzel."", ""min_emoji_count"": 0, ""trending_hashtags"": [""#güneşli"", ""#keyif""]}, ""expected"": false}, {""input"": {""post_text"": ""Harika bir gün! 😊🌞"", ""min_emoji_count"": 1, ""trending_hashtags"": []}, ""expected"": false}, {""input"": {""post_text"": ""Sadece metin var, emoji yok."", ""min_emoji_count"": 1, ""trending_hashtags"": [""#metin"", ""#yok""]}, ""expected"": false}, {""input"": {""post_text"": ""Büyük bir indirim! 🎉💸 Hemen tıkla!"", ""min_emoji_count"": 2, ""trending_hashtags"": [""#indirim"", ""#alışveriş""]}, ""expected"": true}, {""input"": {""post_text"": ""Merhaba Dünya! 👋"", ""min_emoji_count"": 0, ""trending_hashtags"": [""#merhaba"", ""#dünya""]}, ""expected"": true}, {""input"": {""post_text"": ""Emoji yok, hashtag var. #test"", ""min_emoji_count"": 1, ""trending_hashtags"": [""#test""]}, ""expected"": false}, {""input"": {""post_text"": ""Çok güzel bir gün! ❤️"", ""min_emoji_count"": 0, ""trending_hashtags"": [""#hava"", ""#güzel""]}, ""expected"": false}]","[""💡 İpucu 1: Hashtag kontrolü için, `trending_hashtags` listesindeki her bir hashtag'i `post_text` içinde arayabilirsiniz. Büyük/küçük harf duyarsız arama için hem gönderi metnini hem de hashtag'leri küçük harfe (`.lower()`) dönüştürmek iyi bir başlangıç olabilir."", ""💡 İpucu 2: Emoji sayımı için, gönderi metnindeki her karakteri tek tek kontrol etmeniz gerekecek. Bir karakterin emoji olup olmadığını basitçe anlamak için `ord(karakter)` fonksiyonunu kullanarak Unicode değerine bakabilir ve yaygın emoji aralıklarında olup olmadığını kontrol edebilirsiniz (örneğin, `0x1F600` ile `0x1F64F` arası gülümsemeler, `0x2600` ile `0x26FF` arası semboller gibi)."", ""💡 İpucu 3: Her iki koşulun (en az bir trend hashtag ve minimum emoji sayısı) da sağlanması gerektiği için, bu iki kontrolü ayrı ayrı yapıp sonucunu `and` operatörüyle birleştirebilirsiniz. Unutmayın, herhangi bir trend hashtag'in bulunması yeterlidir.""]","57"
"list-dict","🤩 Emoji Ruh Hali Analizi","intermediate","Sen, popüler bir mesajlaşma uygulamasının geliştiricisisin ve kullanıcılar, uzun emoji dizilerinin genel ruh halini hızla anlamak istiyor. Amacın, verilen bir emoji dizisini analiz ederek 'Pozitif', 'Negatif', 'Nötr', 'Karışık Ruh Hali' veya 'Belirsiz' kategorilerinden hangisinin baskın olduğunu bulan bir Python fonksiyonu yazmaktır. Fonksiyon, her bir emoji türünü saymalı ve aşağıdaki kurallara göre dominant ruh halini belirlemelidir. Diğer emojiler göz ardı edilecektir.

**Kategoriler ve Kurallar:**
*   **Pozitif:** 👍, 😄, 😍, 🎉, 🚀
*   **Negatif:** 👎, 😠, 😞, 😤, 😭
*   **Nötr:** 😐, 🤔, 😴, 🤷, 💬
*   Eğer pozitif, negatif veya nötr ruh hallerinden biri diğer ikisinden kesin olarak fazlaysa, o ruh hali döner.
*   Eğer Pozitif ve Negatif sayıları eşit ve diğerlerinden (Nötr) fazlaysa: ""Karışık Ruh Hali"".
*   Diğer tüm eşitlik durumlarında (örn: tümü eşit veya iki tanesi eşit ama üçüncüsü daha az değil): ""Belirsiz"".

**Örnek Kullanım:**
`emoji_ruh_hali(""👍👍😠😄👎😐"")`  çıktısı `Pozitif Ruh Hali` olmalı.
`emoji_ruh_hali(""👎👎😠😠"")`  çıktısı `Negatif Ruh Hali` olmalı.
`emoji_ruh_hali(""👍👎😐"")` çıktısı `Belirsiz` olmalı.","def emoji_ruh_hali(emoji_dizisi: str) -> str:
    """"""
    Verilen emoji dizisinin baskın ruh halini analiz eder.
    """"""
    # Emojileri kategorize etmek için başlangıç setleri veya sözlükler tanımlayın.
    # Diziyi gezerek her kategori için sayım yapın.
    # Sayımlara göre dominant ruh halini belirlemek için koşullu ifadeler kullanın.
    pass","[{""input"": ""👍👍😠😄👎😐🚀"", ""expected"": ""Pozitif Ruh Hali""}, {""input"": ""👎👎😠😠👍🤔"", ""expected"": ""Negatif Ruh Hali""}, {""input"": ""😐🤔😴🤷👍👎"", ""expected"": ""Nötr Ruh Hali""}, {""input"": ""👍👎😄😠"", ""expected"": ""Karışık Ruh Hali""}, {""input"": ""👍👎😐"", ""expected"": ""Belirsiz""}, {""input"": ""👍😐🤔😄"", ""expected"": ""Belirsiz""}, {""input"": ""abcxyz"", ""expected"": ""Belirsiz""}, {""input"": """", ""expected"": ""Belirsiz""}, {""input"": ""😍😍😍"", ""expected"": ""Pozitif Ruh Hali""}, {""input"": ""👍😄👎😠😐🤔"", ""expected"": ""Belirsiz""}]","[""💡 İpucu 1: Emojileri hızlıca kontrol etmek için her kategori için ayrı bir `set` kullanmak işinizi kolaylaştırır. Örneğin: `pozitif_emojiler = {'👍', '😄', ...}`."", ""💡 İpucu 2: Emoji dizisindeki her karakteri tek tek gezmek için bir `for` döngüsü kullanın ve `if/elif` koşullarıyla hangi kategoriye ait olduğunu kontrol ederek sayımlarınızı artırın."", ""💡 İpucu 3: Tüm sayımlar yapıldıktan sonra, sayımlarınızı karşılaştırmak için koşullu ifadeler (`if/elif/else`) kullanın. Eşitlik durumlarını ve 'Karışık Ruh Hali' kuralını dikkatlice ele almayı unutmayın.""]","58"
"list-dict","👾 Sosyal Medya Yorum Sensörü!","intermediate","Popüler bir sosyal medya platformu için yorum denetleme botu geliştiriyorsunuz. Kullanıcıların gönderdiği mesajlardaki belirli 'yasaklı' kelimeleri tespit edip, bunları gizlilik emojileriyle (örn: '🤫') değiştiren bir Python fonksiyonu yazmanız gerekiyor. Fonksiyonunuz, hem sansürlenmiş mesajı hem de hangi yasaklı kelimelerin (küçük harfe dönüştürülmüş halleriyle) kaç kez sansürlendiğini raporlayan bir sözlüğü içeren bir liste döndürmelidir. Kelime eşleştirmesi büyük/küçük harf duyarsız olmalı ve kelimelerin başındaki/sonundaki noktalama işaretleri dikkate alınmalıdır.","import string

def yorum_sansurle(mesaj: str, yasakli_kelimeler: list[str], sansur_emoji: str = ""🤫"") -> list:
    """"""
    Mesajdaki yasaklı kelimeleri sansür emojisiyle değiştirir ve sansürlenen kelimelerin sayısını raporlar.
    Kelime eşleştirmesi büyük/küçük harf duyarsızdır ve noktalama işaretleri dikkate alınır.

    Args:
        mesaj (str): Sansürlenecek metin.
        yasakli_kelimeler (list[str]): Sansürlenmesi gereken kelimelerin listesi.
        sansur_emoji (str, optional): Yasaklı kelimelerin yerine kullanılacak emoji. Varsayılan '🤫'.

    Returns:
        list: [sansürlenmiş_mesaj: str, sansürlenen_kelimeler_sayısı: dict[str, int]]
    """"""
    # İpuçları:
    # 1. yasakli_kelimeler listesini küçük harfli bir kümeye (set) dönüştürerek hızlı arama yapabilirsiniz.
    # 2. string.punctuation modülünü kullanarak kelimelerin başındaki/sonundaki noktalama işaretlerini ayırabilirsiniz.
    # 3. Mesajı boşluklara göre ayırıp her kelimeyi ayrı ayrı işleyebilirsiniz.
    # 4. Sansürlenen kelimelerin sayısını tutmak için bir sözlük kullanın.
    pass","[{""input"": {""mesaj"": ""Merhaba bu yorumda küfür! var."", ""sansur_emoji"": ""🤫"", ""yasakli_kelimeler"": [""küfür""]}, ""expected"": [""Merhaba bu yorumda 🤫! var."", {""küfür"": 1}]}, {""input"": {""mesaj"": ""Bu mesajda hakaret ve tehdit kelimeleri bulunuyor. Tehdit edenlere yer yok."", ""sansur_emoji"": ""🚫"", ""yasakli_kelimeler"": [""hakaret"", ""tehdit""]}, ""expected"": [""Bu mesajda 🚫 ve 🚫 kelimeleri bulunuyor. 🚫 edenlere yer yok."", {""tehdit"": 2, ""hakaret"": 1}]}, {""input"": {""mesaj"": ""Harika bir gün! Her şey yolunda."", ""sansur_emoji"": ""🤐"", ""yasakli_kelimeler"": [""kötü"", ""çirkin""]}, ""expected"": [""Harika bir gün! Her şey yolunda."", {}]}, {""input"": {""mesaj"": ""Ah, ne korkunç bir kelime... O kelime, gerçekten korkunç."", ""sansur_emoji"": ""🤐"", ""yasakli_kelimeler"": [""korkunç"", ""kelime""]}, ""expected"": [""Ah, ne 🤐 bir 🤐... O 🤐, gerçekten 🤐."", {""kelime"": 2, ""korkunç"": 2}]}]","[""💡 İpucu 1: `yasakli_kelimeler` listesini hızlı arama için küçük harfli bir `set`'e dönüştürün. Mesajı boşluklara göre kelimelere ayırmak için `mesaj.split()` kullanın."", ""💡 İpucu 2: Her bir kelime için `string.punctuation` modülünü kullanarak başındaki/sonundaki noktalama işaretlerini ayırın. Kelimenin noktalama işaretsiz ve küçük harfli halini yasaklı kelimeler setinde arayın."", ""💡 İpucu 3: Eğer bir kelime yasaklıysa, sayacını güncelleyin ve orijinal noktalama işaretleriyle birlikte sansür emojisiyle değiştirin. Tüm kelimeleri işledikten sonra, sansürlenmiş mesajı ve sayım sözlüğünü içeren bir liste döndürün.""]","59"
"strings","🔐 Emoji Şifresi Dedektörü","intermediate","Merhaba, emoji meraklısı! 🚀 Bir sosyal medya platformunda, kullanıcıların ""Emoji Şifreleri"" oluşturması gerekiyor. Amacımız, verilen bir emoji şifresinin belirlenen kurallara uyup uymadığını kontrol eden bir Python fonksiyonu yazmak. Şifrelerin güvenli sayılması için şu kriterleri karşılaması gerekmekte:
1. Şifre, belirlenen bir ""anahtar emoji"" ile başlamalıdır.
2. Şifre, ""zorunlu emojiler"" listesinden en az birini içermelidir.
3. Şifre, ""yasaklı emojiler"" listesindeki hiçbir emojiyi içermemelidir.
4. Şifre, minimum uzunluğa sahip olmalıdır.
Fonksiyonunuz, bir emoji şifresini ve kuralları (anahtar emoji, zorunlu emojiler, yasaklı emojiler, minimum uzunluk) parametre olarak alıp, şifre geçerliyse True, değilse False döndürmelidir.

Örnek Girdi:
`sifre = ""🔑🌟🚀🎉""`
`anahtar = ""🔑""`
`zorunlu = [""🚀"", ""🔥""]`
`yasakli = [""💀"", ""👹""]`
`min_uzunluk = 3`
Örnek Çıktı:
`True`

Örnek Girdi:
`sifre = ""🚀🌟🎉""`
`anahtar = ""🔑""`
`zorunlu = [""🚀"", ""🔥""]`
`yasakli = [""💀"", ""👹""]`
`min_uzunluk = 3`
Örnek Çıktı:
`False` (Çünkü anahtar emoji ile başlamıyor)","def emoji_sifre_gecerli_mi(sifre: str, anahtar_emoji: str, zorunlu_emojiler: list[str], yasakli_emojiler: list[str], min_uzunluk: int) -> bool:
    # Bu fonksiyon, verilen emoji şifresinin belirlenen kurallara uyup uymadığını kontrol eder.
    pass","[{""input"": {""sifre"": ""🔑🌟🚀🎉"", ""min_uzunluk"": 3, ""anahtar_emoji"": ""🔑"", ""yasakli_emojiler"": [""💀"", ""👹""], ""zorunlu_emojiler"": [""🚀"", ""🔥""]}, ""expected"": true}, {""input"": {""sifre"": ""🚀🌟🎉"", ""min_uzunluk"": 3, ""anahtar_emoji"": ""🔑"", ""yasakli_emojiler"": [""💀"", ""👹""], ""zorunlu_emojiler"": [""🚀"", ""🔥""]}, ""expected"": false}, {""input"": {""sifre"": ""🔑✨🌈"", ""min_uzunluk"": 3, ""anahtar_emoji"": ""🔑"", ""yasakli_emojiler"": [""💀"", ""👹""], ""zorunlu_emojiler"": [""🚀"", ""🔥""]}, ""expected"": false}, {""input"": {""sifre"": ""🔑🌟🚀💀"", ""min_uzunluk"": 3, ""anahtar_emoji"": ""🔑"", ""yasakli_emojiler"": [""💀"", ""👹""], ""zorunlu_emojiler"": [""🚀"", ""🔥""]}, ""expected"": false}, {""input"": {""sifre"": ""🔑🚀"", ""min_uzunluk"": 3, ""anahtar_emoji"": ""🔑"", ""yasakli_emojiler"": [""💀"", ""👹""], ""zorunlu_emojiler"": [""🚀"", ""🔥""]}, ""expected"": false}, {""input"": {""sifre"": ""🔑😊👍"", ""min_uzunluk"": 3, ""anahtar_emoji"": ""🔑"", ""yasakli_emojiler"": [], ""zorunlu_emojiler"": [""👍"", ""👋""]}, ""expected"": true}, {""input"": {""sifre"": ""🔓✨🎉😎🔥"", ""min_uzunluk"": 5, ""anahtar_emoji"": ""🔓"", ""yasakli_emojiler"": [""🚫"", ""💩"", ""🦠""], ""zorunlu_emojiler"": [""✨"", ""🔥""]}, ""expected"": true}, {""input"": {""sifre"": ""🔑🌈🌟🚀💀"", ""min_uzunluk"": 4, ""anahtar_emoji"": ""🔑"", ""yasakli_emojiler"": [""💀"", ""👹""], ""zorunlu_emojiler"": [""🌈"", ""🌟"", ""🚀""]}, ""expected"": false}, {""input"": {""sifre"": ""🔑🌟🚀"", ""min_uzunluk"": 0, ""anahtar_emoji"": ""🔑"", ""yasakli_emojiler"": [], ""zorunlu_emojiler"": [""🚀""]}, ""expected"": true}]","[""💡 İpucu 1: Bir string'in belirli bir substring ile başlayıp başlamadığını kontrol etmek için `.startswith()` metodunu kullanabilirsiniz."", ""💡 İpucu 2: String'in uzunluğunu kontrol etmek için `len()` fonksiyonunu kullanın."", ""💡 İpucu 3: Bir listenin içindeki her bir zorunlu emojinin şifrede olup olmadığını kontrol etmek için bir döngü veya `any()` fonksiyonunu kullanabilirsiniz. `any(emoji in sifre for emoji in zorunlu_emojiler)` yapısı işinize yarayabilir."", ""💡 İpucu 4: Yasaklı emojiler için de benzer şekilde bir döngü veya `any()` fonksiyonunu kullanabilirsiniz. Ancak bu durumda, herhangi bir yasaklı emoji bulunursa `False` döndürmeniz gerekir. Yani `not any(emoji in sifre for emoji in yasakli_emojiler)` ifadesi işinizi görecektir.""]","60"
"strings","🚀 Sosyal Medya Gönderisi Hype Yaratıcısı","intermediate","Merhaba sevgili sosyal medya guruları! Bir gönderi hazırladınız ama biraz daha 'hype' katmak istiyorsunuz, öyle değil mi? Bu soruda, size verilen bir gönderi metnindeki 'sıkıcı' kelimeleri daha havalı hashtag'ler veya dikkat çekici emojilerle değiştiren bir fonksiyon yazmanızı bekliyoruz. Amacımız, gönderinizi daha etkileşimli ve dikkat çekici hale getirmek! Fonksiyonunuz, metni kelime kelime işlerken, büyük/küçük harf fark etmeksizin eşleştirme yapmalı ve varsa sondaki noktalama işaretlerini korumalıdır.","import string

def optimize_social_post(post_text: str, replacements: dict) -> str:
    """"""
    Verilen sosyal medya gönderi metnindeki 'sıkıcı' kelimeleri, 
    'hype' yaratacak hashtagler veya emojilerle değiştirir.
    Kelimeler büyük/küçük harf fark etmeksizin eşleştirilir ve 
    varsa sondaki noktalama işaretleri korunur.
    """"""
    # Metni boşluklara göre kelimelere ayırın.
    # Her kelimeyi döngüde işlerken, varsa sondaki noktalama işaretini (örn. nokta, virgül) ayırın.
    # Kelimenin küçük harf versiyonunu 'replacements' sözlüğünde kontrol edin.
    # Eğer kelime bulunursa, sözlükteki karşılığı olan değeri ve orijinal noktalama işaretini birleştirin.
    # Bulunmazsa, kelimeyi ve noktalama işaretini orijinal haliyle koruyun.
    # Tüm işlenmiş kelimeleri tekrar boşluklarla birleştirerek nihai metni oluşturun.
    pass","[{""input"": {""post_text"": ""Bugün hava çok güzeldi. Harika bir gün geçirdim."", ""replacements"": {""çok"": ""süper"", ""harika"": ""✨"", ""güzeldi"": ""#Harika""}}, ""expected"": ""Bugün hava süper #Harika. ✨ bir gün geçirdim.""}, {""input"": {""post_text"": ""Bu film gerçekten harikaydı! Mükemmel bir deneyimdi."", ""replacements"": {""mükemmel"": ""🤩"", ""harikaydı"": ""🎬""}}, ""expected"": ""Bu film gerçekten 🎬! 🤩 bir deneyimdi.""}, {""input"": {""post_text"": ""Yemekler pek iyi değildi. Kötü bir tecrübe oldu."", ""replacements"": {""iyi"": ""🤤"", ""kötü"": ""👎""}}, ""expected"": ""Yemekler pek 🤤 değildi. 👎 bir tecrübe oldu.""}, {""input"": {""post_text"": ""Yarın iş var, hadi bakalım."", ""replacements"": {""iş"": ""#Work"", ""hadi"": ""🚀""}}, ""expected"": ""Yarın #Work var, 🚀 bakalım.""}, {""input"": {""post_text"": ""Büyük bir indirim var! Kaçırma fırsatını."", ""replacements"": {""büyük"": ""MEGA"", ""fırsatını"": ""🔥""}}, ""expected"": ""MEGA bir indirim var! Kaçırma 🔥.""}, {""input"": {""post_text"": ""Bu çok güzel bir gün. Neşe dolu!"", ""replacements"": {""çok"": ""oldukça"", ""neşe"": ""mutluluk"", ""güzel"": ""muhteşem""}}, ""expected"": ""Bu oldukça muhteşem bir gün. mutluluk dolu!""}, {""input"": {""post_text"": ""Python harika bir dil. Öğrenmesi eğlenceli."", ""replacements"": {""harika"": ""✨"", ""eğlenceli"": ""🚀""}}, ""expected"": ""Python ✨ bir dil. Öğrenmesi 🚀.""}, {""input"": {""post_text"": ""Merhaba dünya, nasılsın?"", ""replacements"": {}}, ""expected"": ""Merhaba dünya, nasılsın?""}]","[""💡 Metni boşluklara göre 'split()' ederek kelimelere ayırmak ilk adımınız olmalı."", ""💡 Her kelimenin sonundaki noktalama işaretlerini (virgül, nokta, ünlem vb.) ayırt etmek için 'string.punctuation' modülünden faydalanabilirsiniz. Örneğin, 'word.rstrip(string.punctuation)' ile kelimenin noktalama işaretsiz halini alabilir, ve geri kalan kısmı noktalama işareti olarak saklayabilirsiniz."", ""💡 Kelimeyi 'replacements' sözlüğünde ararken büyük/küçük harf duyarsızlığı için '.lower()' metodunu kullanmayı unutmayın."", ""💡 İşlenmiş kelimelerinizi bir listeye ekleyip, son olarak tüm kelimeleri tekrar ' '.join() ile birleştirerek sonuç metnini oluşturmalısınız.""]","61"
"strings","✨ Sosyal Medya Şifresi: Yıldız Tayfası Mesajlarını Çöz!","intermediate","Gizemli 'Yıldız Tayfası' fan kulübü, sosyal medyada özel bir dil kullanıyor! Bu dil, belirli anahtar kelimeler ve 'güç emojileri' içeriyor. Senin görevin, verilen bir sosyal medya yorumunun bir 'Yıldız Tayfası' mesajı olup olmadığını tespit etmek ve içindeki anahtar kelimeler ile güç emojilerini bulup bir liste olarak dönmek. Bir yorumun geçerli bir 'Yıldız Tayfası' mesajı sayılması için **hem en az bir anahtar kelime hem de en az bir güç emojisi** içermesi gereklidir. Aksi halde, boş bir liste dönmelisin. Bulunan öğelerin sırası önemli değil ve her öğe listede sadece bir kez bulunmalıdır.","def decode_fan_message(comment: str) -> list[str]:
    secret_keywords = [""galaksi"", ""yıldız"", ""tayfa"", ""parlak"", ""ışık""]
    power_emojis = [""✨"", ""🚀"", ""🌟"", ""💫"", ""🌠""]
    
    # İpucu: Hem anahtar kelime hem de güç emojisi içeren bir mesajın geçerli olduğunu unutma!
    # Çözümlediğin kelime ve emojileri bir liste içinde sakla.
    pass","[{""input"": ""Bugün tayfa olarak galaksiye 🚀 doğru yeni bir ışık saçtık! ✨"", ""expected"": [""tayfa"", ""galaksi"", ""ışık"", ""🚀"", ""✨""]}, {""input"": ""Yıldızlar çok parlak 🌟 görünüyor."", ""expected"": [""yıldız"", ""parlak"", ""🌟""]}, {""input"": ""Bu sadece bir galaksi denemesi."", ""expected"": []}, {""input"": ""Ne kadar da güzel bir gün! ✨🚀"", ""expected"": []}, {""input"": ""Merhaba dünya!"", ""expected"": []}, {""input"": """", ""expected"": []}, {""input"": ""Tayfa, bu ışık galaksiye doğru ilerliyor! 🚀 Işık!"", ""expected"": [""tayfa"", ""ışık"", ""galaksi"", ""🚀""]}, {""input"": ""Bizim tayfa ✨ her zaman parlak ✨ bir ışık saçar!"", ""expected"": [""tayfa"", ""parlak"", ""ışık"", ""✨""]}]","[""💡 İpucu 1: İlk olarak, yorum (comment) içinde `secret_keywords` listesindeki her bir anahtar kelimenin olup olmadığını kontrol edin. Aynı şekilde `power_emojis` listesindeki emojileri de kontrol edin."", ""💡 İpucu 2: Yorumda en az bir anahtar kelime ve en az bir güç emojisi bulunup bulunmadığını takip etmek için iki ayrı boolean değişken (örneğin `found_keyword = False`, `found_emoji = False`) kullanabilirsiniz."", ""💡 İpucu 3: Eğer her iki koşul (anahtar kelime ve emoji bulunması) da sağlanıyorsa, o zaman yorumda bulunan tüm anahtar kelimeleri ve güç emojilerini bir liste halinde toplamaya başlayın."", ""💡 İpucu 4: Bulunan öğeleri bir listede toplarken, tekrar eden öğeleri engellemek için listeye eklemeden önce öğenin listede olup olmadığını kontrol edebilirsiniz (`if item not in found_items:`).""]","62"
"strings","✨ Trend Hashtag Temizleyici","intermediate","TrendSpotter adlı yeni bir sosyal medya analiz platformunda çalışıyorsunuz. Göreviniz, ham trend konularından (genellikle emoji, sayı ve özel karakterlerle dolu) temiz, anlamlı kelimeleri çıkarmak ve gerçek trendleri belirlemek. Bir hashtag string'ini alacak ve aşağıdaki kurallara göre temizleyerek sadece geçerli kelimelerin bir listesini döndürecek bir fonksiyon yazın:
1. Tüm karakterleri küçük harfe dönüştürün.
2. Sayıları (0-9) ve yaygın özel karakterleri (`!@#$%^&*()_+-=[]{};:'""\|,./<>?`) boşlukla değiştirin.
3. Emojileri ve diğer alfabetik olmayan karakterleri de boşlukla değiştirin.
4. Oluşan string'i boşluklara göre ayırın ve boş kalan kelimeleri (örneğin art arda gelen boşluklardan oluşan) sonuç listesinden çıkarın.","def clean_hashtag_trends(raw_hashtag: str) -> list[str]:
    # Hashtag'i temizleyerek anlamlı kelimeler listesi döndürür.
    pass","[{""input"": ""Python🔥Kodlama🤓Haftası!"", ""expected"": [""python"", ""kodlama"", ""haftası""]}, {""input"": ""#LearnPython2023 🚀"", ""expected"": [""learnpython""]}, {""input"": ""🎉Data_Science-Projesi?!!"", ""expected"": [""data"", ""science"", ""projesi""]}, {""input"": ""   Süper  Proje  Bugün!!!  "", ""expected"": [""süper"", ""proje"", ""bugün""]}, {""input"": ""123Merhaba Dünya!123"", ""expected"": [""merhaba"", ""dünya""]}, {""input"": ""SadeceEmojiler🤯🤔😵"", ""expected"": [""sadeceemojiler""]}, {""input"": """", ""expected"": []}, {""input"": ""      "", ""expected"": []}, {""input"": ""PyThOn Is FuN 🐍"", ""expected"": [""python"", ""is"", ""fun""]}]","[""💡 İpucu 1: İlk olarak, string'i küçük harfe çevirerek başlayın."", ""💡 İpucu 2: İkinci adımda, boş bir string oluşturun. Gelen string'deki her karakteri bir döngü ile gezin. Eğer karakter bir harfse (`char.isalpha()` metodu ile kontrol edilebilir) veya boşluksa, oluşturduğunuz string'e ekleyin. Aksi takdirde (sayı, özel karakter, emoji vb.), bir boşluk karakteri ekleyin."", ""💡 İpucu 3: Oluşan yeni string'i `split()` metodunu kullanarak boşluklara göre ayırın. Birden fazla boşluktan kaynaklanan sorunları `split()` metodu genellikle kendiliğinden halleder."", ""💡 İpucu 4: Son olarak, liste anlama (list comprehension) veya bir döngü kullanarak, oluşan listedeki boş string'leri (`''`) filtreleyin.""]","63"
"strings","🚀 Viral Başlık Avcısı: Etkileşim Skoru Hesaplayıcı","intermediate","Sosyal medyada içerik üreten bir fenomen olduğunu hayal et! Paylaşımlarının daha fazla etkileşim alması için başlıklarını optimize etmen gerekiyor. Bu görevde, sana verilen bir başlığın 'viral potansiyelini' bir skor ile ölçeceksin. Başlıkta geçen belirli anahtar kelimeler ve emojiler puan kazandırırken, aşırı ünlem işaretleri puan kaybettirecek, soru işaretleri ise ekstra puan kazandıracak. Amaç, verilen başlığı analiz ederek toplam 'etkileşim skorunu' hesaplayan bir Python fonksiyonu yazmak.","def viral_baslik_skoru(baslik: str) -> int:
    # Anahtar kelimelerin ve emojilerin puanlarını birer sözlükte tut
    anahtar_kelime_puanlari = {
        ""viral"": 10, ""şok"": 8, ""inanılmaz"": 7, ""asla"": 5, ""bunu izle"": 6,
        ""nasıl yapılır"": 4, ""görmeden geçme"": 9, ""hemen öğren"": 5
    }
    emoji_puanlari = {
        ""🎉"": 5, ""🔥"": 6, ""🤯"": 8, ""😱"": 7, ""😂"": 3, ""✨"": 4
    }
    
    toplam_skor = 0
    baslik_kucuk = baslik.lower()
    
    # Anahtar kelimeler için puanları hesapla
    for kelime, puan in anahtar_kelime_puanlari.items():
        if kelime in baslik_kucuk:
            toplam_skor += puan
            
    # Emojiler için puanları hesapla
    # İpucu: Her bir emoji karakterini başlıkta arayabilirsin
    
    # Ünlem ve soru işaretleri için bonus/ceza puanlarını hesapla
    # İpucu: string.count() metodunu kullanabilirsin.
    # Ünlem işareti: İlk 3 ünlemden sonraki her ünlem -2 puan.
    # Soru işareti: Her soru işareti +3 puan.
    
    return toplam_skor","[{""input"": ""Bu inanılmaz haberi görmeden geçme! 🔥😱🤯"", ""expected"": 37}, {""input"": ""Python öğrenmek nasıl yapılır? Hemen öğren 🎉"", ""expected"": 17}, {""input"": ""Sıradan bir gün..."", ""expected"": 0}, {""input"": ""Şok!!! Bunu izle ve asla inanamayacaksın!!!!"", ""expected"": 11}, {""input"": ""Yeni nesil teknolojiler: Nasıl kullanılır?"", ""expected"": 7}, {""input"": ""🎉 Viral bir gelişme ✨"", ""expected"": 19}, {""input"": ""Bu ne şimdi????"", ""expected"": 12}, {""input"": ""Deneme metni"", ""expected"": 0}]","[""💡 İlk olarak, başlığı küçük harfe çevirerek anahtar kelime kontrollerini kolaylaştırabilirsin."", ""💡 `anahtar_kelime_puanlari` ve `emoji_puanlari` sözlükleri üzerinde döngü (for loop) kullanarak her bir kelime veya emoji için başlıkta arama yap."", ""💡 Bir stringin belirli bir alt dizeyi veya karakteri içerip içermediğini kontrol etmek için `in` operatörünü kullanabilirsin (örneğin: `if 'kelime' in baslik:`)."", ""💡 Ünlem ve soru işaretlerinin sayısını bulmak için `baslik.count('!')` ve `baslik.count('?')` metodlarını kullanabilirsin. Unutma, ünlem cezasını ilk 3 ünlemden sonraki fazlalıklar için uygula.""]","64"
"strings","🕵️ Emoji Gizemini Çöz: Gizli Mesaj Dekoderi","intermediate","""Emoji Enigma"" adında gizli bir topluluk, mesajlarını emojilerle şifreler. Her emoji belirli bir harfi temsil eder ve kelimeler `#` sembolüyle ayrılır. Senin görevin, verilen şifreli bir mesajı ve emoji-harf eşleştirmesini kullanarak mesajı deşifre eden bir Python fonksiyonu yazmak. Şifreli mesajdaki her `#` sembolü bir boşluk karakterine dönüştürülmelidir. Haritada bulunmayan emojiler `?` karakteriyle temsil edilmelidir.

Örnek Kullanım:
Girdi:
`encoded_message`: ""🍎🐍🐍🍎#🍋🍎🌴🍎""
`emoji_map`: `{'🍎': 'A', '🐍': 'S', '🍋': 'L', '🌴': 'P'}`
Çıktı: ""ASSA LAPA","def decode_emoji_message(encoded_message: str, emoji_map: dict) -> str:
    # Şifreli mesajı emoji haritasını kullanarak deşifre eden kodu buraya yazın.
    pass","[{""input"": {""emoji_map"": {""🌎"": ""O"", ""🌕"": ""M"", ""🐍"": ""S"", ""🚀"": ""R""}, ""encoded_message"": ""🚀🐍🐍🚀#🌕🌎🌎🌕""}, ""expected"": ""RSSR MOOM""}, {""input"": {""emoji_map"": {""🌴"": ""P"", ""🍋"": ""L"", ""🍎"": ""A"", ""🐍"": ""S""}, ""encoded_message"": ""🍎🐍🔥🍎#🍋🍎🌴🍎""}, ""expected"": ""AS?A LAPA""}, {""input"": {""emoji_map"": {""🍎"": ""A""}, ""encoded_message"": """"}, ""expected"": """"}, {""input"": {""emoji_map"": {""🌎"": ""O"", ""🌕"": ""M"", ""🐍"": ""S"", ""🚀"": ""R""}, ""encoded_message"": ""🚀🐍##🌕🌎""}, ""expected"": ""RS  MO""}, {""input"": {""emoji_map"": {""✨"": ""H"", ""🌍"": ""R"", ""🌞"": ""W"", ""🌳"": ""L"", ""👋"": ""E""}, ""encoded_message"": ""#✨👋🌳🌳👋##🌞🌍#""}, ""expected"": "" HELL  WER ""}, {""input"": {""emoji_map"": {""⭐"": ""S""}, ""encoded_message"": ""⭐""}, ""expected"": ""S""}, {""input"": {""emoji_map"": {""⭐"": ""S""}, ""encoded_message"": ""❌""}, ""expected"": ""?""}]","[""💡 İpucu 1: Sonuç stringini oluşturmak için boş bir liste (örneğin `decoded_chars = []`) kullanabilir, ardından `str.join()` ile birleştirebilirsiniz."", ""💡 İpucu 2: Şifreli mesajdaki her karakteri (emoji veya `#`) tek tek kontrol etmek için bir `for` döngüsü kullanın."", ""💡 İpucu 3: Eğer karakter `#` ise, `decoded_chars` listesine bir boşluk karakteri ekleyin."", ""💡 İpucu 4: Eğer karakter bir emoji ise, `emoji_map` sözlüğünde karşılığını arayın. `dict.get(emoji, '?')` metodunu kullanarak, haritada olmayan emojiler için `?` karakterini otomatik olarak ekleyebilirsiniz."", ""💡 İpucu 5: `decoded_chars` listesindeki tüm karakterleri `\""\"".join(decoded_chars)` ile birleştirerek son mesajı oluşturun.""]","65"
"strings","✨ Pozitif Yorum Filtresi","intermediate","Sosyal medya fenomenleri, yorum bölümlerini daha pozitif hale getirmek için senin yardımına ihtiyaç duyuyor! Amacın, verilen bir yorum metnindeki ""negatif"" kelimeleri sihirli bir `✨` emojisiyle değiştiren bir Python fonksiyonu yazmak. Fonksiyon, büyük/küçük harf ayrımı yapmamalıdır. Yani ""Kötü"", ""kötü"" veya ""KÖTÜ"" kelimeleri aynı şekilde değiştirilmelidir. Kelimenin geçtiği her yeri (büyük/küçük harf fark etmeksizin) emoji ile değiştir.","import re

def pozitif_yorum_filtresi(yorum: str, yasakli_kelimeler: list[str]) -> str:
    # Yorumu döngü içinde yasaklı kelimelerle kontrol et ve değiştir.
    pass","[{""input"": {""yorum"": ""Bu çok kötü bir yorum!"", ""yasakli_kelimeler"": [""kötü""]}, ""expected"": ""Bu çok ✨ bir yorum!""}, {""input"": {""yorum"": ""Berbat, iğrenç bir durum bu."", ""yasakli_kelimeler"": [""berbat"", ""iğrenç""]}, ""expected"": ""✨, ✨ bir durum bu.""}, {""input"": {""yorum"": ""Bu KÖTÜ bir gün, kötü düşüncelerim var."", ""yasakli_kelimeler"": [""kötü""]}, ""expected"": ""Bu ✨ bir gün, ✨ düşüncelerim var.""}, {""input"": {""yorum"": ""Her şey harika, çok güzel!"", ""yasakli_kelimeler"": [""kötü"", ""berbat""]}, ""expected"": ""Her şey harika, çok güzel!""}, {""input"": {""yorum"": ""Kötü bir başlangıç ama iyi bitti. Çok kötü!"", ""yasakli_kelimeler"": [""kötü""]}, ""expected"": ""✨ bir başlangıç ama iyi bitti. Çok ✨!""}, {""input"": {""yorum"": ""Bu yorum gerçekten saçma ve berbat."", ""yasakli_kelimeler"": [""saçma"", ""berbat""]}, ""expected"": ""Bu yorum gerçekten ✨ ve ✨.""}, {""input"": {""yorum"": ""Hiçbir şey yok"", ""yasakli_kelimeler"": []}, ""expected"": ""Hiçbir şey yok""}, {""input"": {""yorum"": ""Kötülük yapanlar kötü"", ""yasakli_kelimeler"": [""kötü""]}, ""expected"": ""✨lük yapanlar ✨""}]","[""💡 İpucu 1: Python'daki `re` (regular expression) modülünü incelemek, bu tür metin değiştirme işlemleri için çok güçlü araçlar sunar."", ""💡 İpucu 2: `re.sub()` fonksiyonu, bir metin içindeki belirli bir deseni (pattern) başka bir şeyle değiştirmek için kullanılır. Bu fonksiyona dikkat et!"", ""💡 İpucu 3: `re.sub()` kullanırken, büyük/küçük harf duyarlılığını kapatmak için `flags=re.IGNORECASE` parametresini kullanmalısın."", ""💡 İpucu 4: Yasaklı kelimeler listesindeki her kelime için ayrı ayrı değiştirme işlemi yapman gerekecek. Bunu bir `for` döngüsü içinde düşünebilirsin.""]","66"
"strings","✨ Tweet Mood Enhancer","intermediate","Popüler bir sosyal medya platformu için tweetleri daha canlı ve etkileşimli hale getiren bir araç geliştireceksin. Görevin, bir kullanıcının girdiği metni (tweeti) ve belirli anahtar kelimelere karşılık gelen emojileri içeren bir sözlüğü alarak, metindeki her kelimeyi kontrol etmek ve eğer kelime (büyük/küçük harf fark etmeksizin) sözlükteki bir anahtar kelimeyle tam eşleşiyorsa, o kelimeyi karşılık gelen emoji ile değiştirmektir. Metindeki noktalama işaretlerini (virgül, nokta, ünlem vb.) kelimelerden ayırıp, emojiye dönüştürdükten sonra geri eklemeye dikkat etmelisin. Amacımız, basit ama akıllıca bir emoji entegrasyonu sağlamak!","def tweet_mood_enhancer(tweet_metni: str, emoji_haritasi: dict) -> str:
    # Metindeki kelimeleri noktalama işaretlerinden ayır, 
    # büyük/küçük harf duyarlılığı olmadan emoji_haritasi'nda ara ve değiştir.
    # Sonra kelimeleri ve noktalama işaretlerini tekrar birleştir.
    pass","[{""input"": {""tweet_metni"": ""Bugün hava çok güzel, mutlu hissediyorum!"", ""emoji_haritasi"": {""mutlu"": ""😊"", ""güzel"": ""☀️""}}, ""expected"": ""Bugün hava çok ☀️, 😊 hissediyorum!""}, {""input"": {""tweet_metni"": ""Hava harika. MUTLU bir gün!"", ""emoji_haritasi"": {""hava"": ""☁️"", ""mutlu"": ""😄"", ""harika"": ""🌈""}}, ""expected"": ""☁️ 🌈. 😄 bir gün!""}, {""input"": {""tweet_metni"": ""Sıradan bir gün."", ""emoji_haritasi"": {""yorgun"": ""😴""}}, ""expected"": ""Sıradan bir gün.""}, {""input"": {""tweet_metni"": ""Hava güzel, çok güzel."", ""emoji_haritasi"": {""güzel"": ""🌷""}}, ""expected"": ""Hava 🌷, çok 🌷.""}, {""input"": {""tweet_metni"": ""Merhaba Dünya! Python öğrenmek harika."", ""emoji_haritasi"": {""dünya"": ""🌍"", ""harika"": ""✨"", ""merhaba"": ""👋""}}, ""expected"": ""👋 🌍! Python öğrenmek ✨.""}]","[""💡 İpucu 1: `str.split()` metodunu kullanarak metni kelimelere ayırabilirsiniz. Ancak kelimelerdeki noktalama işaretlerini de dikkate almanız gerekecek."", ""💡 İpucu 2: Her kelimeyi kontrol etmeden önce, sonundaki noktalama işaretlerini (varsa) ayırın ve kelimenin kendisini küçük harfe dönüştürerek `emoji_haritasi` içinde arayın. Örneğin, 'güzel,' kelimesinden virgülü ayırıp 'güzel'i arayın."", ""💡 İpucu 3: Bir kelimeyi emoji ile değiştirdikten sonra, ayırdığınız orijinal noktalama işaretini tekrar emojiye eklemeyi unutmayın. Son olarak, işlenmiş kelimeleri tekrar birleştirmek için `str.join()` metodunu kullanın.""]","67"
