category,title,slug,level,description,starter_code,test_cases,hints,id,function_name
python-basics,Palindrome Checker,palindrome-checker,beginner,"Bir kelimenin veya cümlenin palindrome olup olmadığını kontrol et.
Büyük/küçük harf fark etmesin, boşluk ve noktalama işaretlerini yok say.
Örnek: 'A man a plan a canal Panama' → True","def palindrome_checker(text: str) -> bool:
    # text[::-1] == text (Pythonic kısayol yasak)
    # Manuel karşılaştırma gerekli: iki uçtan içeri doğru
    pass","[{""input"": ""radar"", ""expected"": true}, {""input"": ""Python"", ""expected"": false}, {""input"": ""A man a plan a canal Panama"", ""expected"": true}, {""input"": ""hello"", ""expected"": false}]","[""💡 İpucu 1: Önce metnin yalnızca harf ve rakamlardan oluşan temiz halini oluştur. ''.join(...) ve str.isalnum() kullanabilirsin."", ""💡 İpucu 2: Büyük/küçük harf farkını ortadan kaldırmak için .lower() metodunu kullan."", ""💡 İpucu 3: Temizlenmiş string'i tersiyle karşılaştır: cleaned == cleaned[::-1]""]",1,palindrome_checker
python-basics,Emoji FizzBuzz,emoji-fizzbuzz,beginner,"1'den n'e kadar say.
3'e bölünüyorsa 'Fizz🎉', 5'e bölünüyorsa 'Buzz🚀',
her ikisine de bölünüyorsa 'FizzBuzz🎊' yaz.
Diğer sayıları string olarak ekle.","def emoji_fizzbuzz(n: int) -> list[str]:
    pass","[{""input"": 5, ""expected"": [""1"", ""2"", ""Fizz🎉"", ""4"", ""Buzz🚀""]}, {""input"": 15, ""expected"": [""1"", ""2"", ""Fizz🎉"", ""4"", ""Buzz🚀"", ""Fizz🎉"", ""7"", ""8"", ""Fizz🎉"", ""Buzz🚀"", ""11"", ""Fizz🎉"", ""13"", ""14"", ""FizzBuzz🎊""]}]","[""💡 İpucu 1: Önce hem 3 hem 5'e bölünme durumunu kontrol et (FizzBuzz🎊). Sıra önemli!"", ""💡 İpucu 2: Bölünebilirlik için % (modulo) operatörünü kullan: i % 3 == 0"", ""💡 İpucu 3: Hiçbir koşula uymuyorsa sayıyı string'e çevir: str(i)""]",2,emoji_fizzbuzz
python-basics,Kelimelerin En Uzunu,kelimelerin-en-uzunu,beginner,"Bir cümledeki en uzun kelimeyi ve uzunluğunu döndür.
Birden fazla aynı uzunlukta kelime varsa ilkini döndür.
Not: Sonuç [kelime, uzunluk] şeklinde liste olmalı.","def longest_word(x: str) -> list[str]:
    pass","[{""input"": ""Python çok eğlenceli bir dil"", ""expected"": [""eğlenceli"", 9]}, {""input"": ""Merhaba dünya"", ""expected"": [""Merhaba"", 7]}, {""input"": ""a bb ccc"", ""expected"": [""ccc"", 3]}]","[""💡 İpucu 1: sentence.split() ile cümleyi kelimelere ayır."", ""💡 İpucu 2: max(words, key=len) ile en uzun kelimeyi bul."", ""💡 İpucu 3: Sonucu liste olarak döndür: [word, len(word)]""]",3,longest_word
python-basics,Sayı Tahmin Skoru,sayi-tahmin-skoru,beginner,"Kullanıcının tahminleri ve gerçek sayı verildiğinde,
kaç tahminin tam doğru, kaç tahminin ±5 içinde, kaç tahminin uzak olduğunu döndür.","def score_guesses(nums: dict) -> dict:
    pass","[{""input"": {""guesses"": [10, 12, 50, 11], ""secret"": 10}, ""expected"": {""exact"": 1, ""close"": 2, ""far"": 1}}, {""input"": {""guesses"": [1, 2, 3], ""secret"": 100}, ""expected"": {""exact"": 0, ""close"": 0, ""far"": 3}}]","[""💡 İpucu 1: abs(guess - secret) ile farkın mutlak değerini al."", ""💡 İpucu 2: diff == 0 ise 'exact', diff <= 5 ise 'close', değilse 'far'."", ""💡 İpucu 3: Sonuçları sayacak bir dict oluştur ve döngüde güncelle.""]",5,score_guesses
python-basics,Asal Sayı Kontrolü,asal-sayi-kontrolu,beginner,"Verilen sayının asal olup olmadığını kontrol et.
1 ve altındaki sayılar asal değildir.","def prime_check(n: int) -> bool:
    # sympy.isprime, math.gcd ile kısayol yasak
    # Manuel bölme algoritması gerekli: 2'den sqrt(n)'e kadar
    pass","[{""input"": 2, ""expected"": true}, {""input"": 17, ""expected"": true}, {""input"": 1, ""expected"": false}, {""input"": 9, ""expected"": false}]","[""💡 İpucu 1: n <= 1 ise direkt False döndür."", ""💡 İpucu 2: 2'den √n'e kadar bölenleri kontrol et: range(2, int(n**0.5)+1)"", ""💡 İpucu 3: Herhangi bir bölen bulursan False, döngü biterse True döndür.""]",7,prime_check
python-basics,Fibonacci Dizisi,fibonacci-dizisi,beginner,"İlk n Fibonacci sayısını liste olarak döndür.
F(0)=0, F(1)=1 ile başlar; her sonraki sayı kendinden önceki ikisinin toplamıdır.
n=0 ise boş liste, n=1 ise [0] döndür.","def fibonacci_sequence(n: int) -> list[int]:
    # Manuel recursive veya iterative hesaplama
    pass","[{""input"": 7, ""expected"": [0, 1, 1, 2, 3, 5, 8], ""description"": ""tipik n=7""}, {""input"": 1, ""expected"": [0], ""description"": ""sınır n=1""}, {""input"": 0, ""expected"": [], ""description"": ""sınır n=0 boş liste""}, {""input"": 10, ""expected"": [0, 1, 1, 2, 3, 5, 8, 13, 21, 34], ""description"": ""uzun seri""}]","[""""İpucu 1: İlk iki eleman özel: [0] ve [0, 1]."""", """"İpucu 2: Döngü ile: a, b = b, a+b her iterasyonda."""", """"İpucu 3: List append ile n eleman biriktir.""""]",9,fibonacci_sequence
python-basics,İkinci En Büyük,i-kinci-en-buyuk,beginner,"Bir listedeki ikinci en büyük eşsiz sayıyı döndür.
Eğer yeterli eşsiz eleman yoksa None döndür.
Örnek: [3, 5, 2, 5, 6, 6, 1] → 5 (en büyük 6, ikinci en büyük 5).
Sort yerine set ile O(n) çözüm yapabilirsin.","def second_largest(nums: list[int]) -> int:
    pass","[{""input"": [3, 1, 4, 1, 5, 9, 2, 6], ""expected"": 6}, {""input"": [5, 5, 5], ""expected"": null}, {""input"": [10, 20], ""expected"": 10}]","[""💡 İpucu 1: Önce set() ile tekrarları kaldır."", ""💡 İpucu 2: sorted() veya max() kullanarak en büyükleri bul."", ""💡 İpucu 3: len(unique) < 2 ise None döndür, yoksa sorted(unique)[-2]""]",12,second_largest
python-basics,Sezar Şifresi,sezar-sifresi,beginner,"Metni n karakter kaydırarak şifrele (yalnızca İngilizce harfler, a-z).
Örnek: n=3, 'abc' → 'def'. Harf dışı karakterler (boşluk, rakam, noktalama) dokunulmaz.
Negatif n değeri sola kaydırır (decrypt). Büyük harf veya Türkçe karakter dokunulmaz, sadece a-z işlenir.","def caesar_cipher(x: dict) -> str:
    pass","[{""input"": {""text"": ""Hello"", ""shift"": 3}, ""expected"": ""Khoor""}, {""input"": {""text"": ""xyz"", ""shift"": 3}, ""expected"": ""abc""}, {""input"": {""text"": ""Hello, World!"", ""shift"": 13}, ""expected"": ""Uryyb, Jbeyq!""}]","[""💡 İpucu 1: ord() ile karakterin ASCII kodunu al, chr() ile geri dönüştür."", ""💡 İpucu 2: Büyük harf için: chr((ord(c) - ord('A') + shift) % 26 + ord('A'))"", ""💡 İpucu 3: Harf olmayanları (noktalama vb.) olduğu gibi bırak.""]",13,caesar_cipher
python-basics,Matris Transpozu,matris-transpozu,beginner,"Verilen bir matrisin transpozunu hesaplayan fonksiyon yaz. Transpoz, satırların sütun, sütunların satır olması işlemidir; her (i, j) elemanı (j, i) konumuna taşınır. Kenar durumlar: tek satırlı veya tek sütunlu matrisler.","def transpose(nums: list[int], lst: list[int]) -> list[list[int]]:
    pass","[{""input"": [[1, 2, 3], [4, 5, 6]], ""expected"": [[1, 4], [2, 5], [3, 6]]}, {""input"": [[1, 2], [3, 4], [5, 6]], ""expected"": [[1, 3, 5], [2, 4, 6]]}]","[""💡 İpucu 1: zip(*matrix) sihirli bir araçtır — satırları transpose eder."", ""💡 İpucu 2: [list(row) for row in zip(*matrix)] ile sonucu listele."", ""💡 İpucu 3: Manuel yol: result[j][i] = matrix[i][j] ile iç içe döngü.""]",14,transpose
python-basics,Run-Length Encoding,run-length-encoding,beginner,"Bir string'i run-length encoding ile sıkıştır.
Örnek: 'aaabbc' → '3a2bc'. TekrarlanMAYAN karakterler 1 ile yazılmaz.
Sadece ardışık tekrarlar sıkıştırılır. Tüm karakterler (harf, rakam, özel) desteklenir.
Edge case: boş string → boş string.","def rle_encode(x: str) -> str:
    pass","[{""input"": ""aaabbc"", ""expected"": ""3a2b1c""}, {""input"": ""aabbccdd"", ""expected"": ""2a2b2c2d""}, {""input"": ""abc"", ""expected"": ""1a1b1c""}]","[""💡 İpucu 1: Mevcut karakteri ve sayısını tut: current_char, count."", ""💡 İpucu 2: Karakter değişince sonucu ekle: result += str(count) + current_char"", ""💡 İpucu 3: Döngü bittikten sonra son grubu da eklemeyi unutma.""]",18,rle_encode
python-basics,Kelime Sıklığı,kelime-sikligi,beginner,"Bir metindeki en sık geçen k kelimeyi döndür.
Büyük/küçük harf duyarlı olmasın, noktalama işaretlerini yok say.","def top_k_words(x: dict) -> list[str]:
    pass","[{""input"": {""text"": ""bir iki bir üç iki bir"", ""k"": 2}, ""expected"": [""bir"", ""iki""]}, {""input"": {""text"": ""the cat sat on the mat the"", ""k"": 1}, ""expected"": [""the""]}]","[""💡 İpucu 1: .lower() ve .split() ile kelimeleri ayır."", ""💡 İpucu 2: collections.Counter(words) ile frekans sözlüğü oluştur."", ""💡 İpucu 3: counter.most_common(k) ile en sık k kelimeyi al.""]",19,top_k_words
python-basics,String Sıkıştırma,string-sikistirma,beginner,"Bir string'i sıkıştır: art arda tekrar eden karakterleri tek karaktere indir.
'aabbcc' → 'abc', 'aabba' → 'aba'","def compress(x: str) -> str:
    pass","[{""input"": ""aabbcc"", ""expected"": ""abc""}, {""input"": ""aabba"", ""expected"": ""aba""}, {""input"": ""abcdef"", ""expected"": ""abcdef""}]","[""💡 İpucu 1: Boş string durumunu kontrol et."", ""💡 İpucu 2: result = s[0] ile başla, sonraki karakter öncekinden farklıysa ekle."", ""💡 İpucu 3: itertools.groupby(s) ile de çözebilirsin.""]",20,compress
python-basics,Roman Numerals,roman-numerals,intermediate,"1-3999 arasındaki bir tam sayıyı Roma rakamlarına çevir.
Roma rakamları: I=1, V=5, X=10, L=50, C=100, D=500, M=1000.
Çıkarma kuralı: IV=4, IX=9, XL=40, XC=90, CD=400, CM=900.
Örnek: 1994 → 'MCMXCIV' (1000 + 900 + 90 + 4).","def to_roman(n: int) -> str:
    pass","[{""input"": 3, ""expected"": ""III""}, {""input"": 58, ""expected"": ""LVIII""}, {""input"": 1994, ""expected"": ""MCMXCIV""}]","[""💡 İpucu 1: values ve symbols listesi zaten verilmiş, sırayla karşılaştır."", ""💡 İpucu 2: num >= value iken: result += symbol, num -= value"", ""💡 İpucu 3: CM=900, CD=400 gibi özel durumlar listeye dahil edilmiş, endişelenme.""]",21,to_roman
list-dict,Sözlük Birleştirme,sozluk-birlestirme,beginner,"İki sözlüğü birleştir. Aynı anahtarlar varsa değerlerini topla.
Örnek: {a:1, b:2} + {b:3, c:4} → {a:1, b:5, c:4}.
dict.update veya **spread ile yapılabilir ama aynı key toplama özel mantık gerektirir.","def merge_dicts(x: dict) -> dict:
    pass","[{""input"": {""d1"": {""a"": 1, ""b"": 2}, ""d2"": {""b"": 3, ""c"": 4}}, ""expected"": {""a"": 1, ""b"": 5, ""c"": 4}}, {""input"": {""d1"": {}, ""d2"": {""x"": 10}}, ""expected"": {""x"": 10}}]","[""💡 İpucu 1: d1.copy() ile başla, d2'nin öğelerini üzerine ekle."", ""💡 İpucu 2: result.get(key, 0) + value ile birleştirme yap."", ""💡 İpucu 3: collections.Counter da bu iş için kullanılabilir.""]",27,merge_dicts_sum
list-dict,Fark Listesi,fark-listesi,beginner,"İki liste arasındaki farkları bul: yalnızca A'da, yalnızca B'de ve ikisinde birden olan elemanlar.","def list_diff(nums: dict) -> dict:
    pass","[{""input"": {""a"": [1, 2, 3, 4], ""b"": [3, 4, 5, 6]}, ""expected"": {""only_a"": [1, 2], ""only_b"": [5, 6], ""common"": [3, 4]}, ""description"": ""tipik iki liste""}, {""input"": {""a"": [], ""b"": [1, 2]}, ""expected"": {""only_a"": [], ""only_b"": [1, 2], ""common"": []}, ""description"": ""boş A""}, {""input"": {""a"": [1, 2, 3], ""b"": [1, 2, 3]}, ""expected"": {""only_a"": [], ""only_b"": [], ""common"": [1, 2, 3]}, ""description"": ""tamamen ortak""}, {""input"": {""a"": [1, 1, 2], ""b"": [2, 2, 3]}, ""expected"": {""only_a"": [1], ""only_b"": [3], ""common"": [2]}, ""description"": ""tekrarlı elemanlar""}]","[""💡 İpucu 1: set() dönüşümü yap: sa=set(a), sb=set(b)"", ""💡 İpucu 2: only_a = sorted(sa - sb), only_b = sorted(sb - sa)"", ""💡 İpucu 3: common = sorted(sa & sb)  (kesişim)""]",29,list_diff
data-structures,Matris Çarpımı,matris-carpimi,intermediate,İki matrisi çarpan bir fonksiyon yaz. Sol matrisin sütun sayısı sağ matrisin satır sayısına eşit olmalıdır; sonuç matrisi (m x p) boyutunda olur. Standart iç-çarpım algoritması kullan.,"def matrix_multiply(x: dict) -> list[list[int]]:
    pass","[{""input"": {""a"": [[1, 2], [3, 4]], ""b"": [[5, 6], [7, 8]]}, ""expected"": [[19, 22], [43, 50]], ""description"": ""2x2 * 2x2""}, {""input"": {""a"": [[1, 2, 3]], ""b"": [[4], [5], [6]]}, ""expected"": [[32]], ""description"": ""1x3 * 3x1""}, {""input"": {""a"": [[1, 0], [0, 1]], ""b"": [[5, 6], [7, 8]]}, ""expected"": [[5, 6], [7, 8]], ""description"": ""birim matris""}, {""input"": {""a"": [[0, 0], [0, 0]], ""b"": [[1, 2], [3, 4]]}, ""expected"": [[0, 0], [0, 0]], ""description"": ""sıfır matris""}]","[""💡 İpucu 1: Boyutlar: a = m×n, b = n×p → sonuç m×p"", ""💡 İpucu 2: Üç iç içe döngü: i (satır a), j (sütun b), k (ortak boyut)"", ""💡 İpucu 3: C[i][j] += A[i][k] * B[k][j]""]",30,matrix_multiply
data-structures,En Uzun Artan Alt Dizi,en-uzun-artan-alt-dizi,intermediate,"Bir dizideki en uzun sürekli artan alt dizinin uzunluğunu bul.
Sürekli = ardışık indisler (skip yok).
Örnek: [10, 9, 2, 5, 3, 7, 101, 18] için 4 ([2,3,7,101] veya [3,5,7,18]).
DP yaklaşımı: dp[i] = nums[i]'den biten en uzun artan alt dizi.","def longest_increasing_subsequence(nums: list[int]) -> int:
    pass","[{""input"": [1, 3, 5, 4, 7], ""expected"": 3}, {""input"": [2, 2, 2, 2, 2], ""expected"": 1}, {""input"": [1, 2, 3, 4, 5], ""expected"": 5}]","[""💡 İpucu 1: current ve max_len sayaçları tut."", ""💡 İpucu 2: nums[i] > nums[i-1] ise current += 1, değilse current = 1"", ""💡 İpucu 3: Her adımda max_len = max(max_len, current) güncelle.""]",33,longest_increasing_subsequence
data-structures,Fiyat Analizi,fiyat-analizi,beginner,"Ürün fiyatlarının bulunduğu bir sözlükten min, max ve ortalama fiyatı döndür.
Örnek: {'ekmek': 5, 'süt': 12, 'peynir': 45} → (5, 45, 20.67).
Boş dict ise None veya raise ValueError. Ortalama 2 ondalık yuvarlanabilir.","def price_analysis(x: dict) -> dict:
    pass","[{""""input"""": {""""muz"""": 3, """"elma"""": 5, """"armut"""": 8}, """"expected"""": {""""avg"""": 5.33, """"max"""": 8, """"min"""": 3}, """"description"""": """"3 urun""""}, {""""input"""": {""""tek"""": 10}, """"expected"""": {""""avg"""": 10, """"max"""": 10, """"min"""": 10}, """"description"""": """"tek urun""""}, {""""input"""": {}, """"expected"""": null, """"description"""": """"bos sozluk""""}]","[""💡 İpucu 1: values = list(prices.values()) ile değerleri al."", ""💡 İpucu 2: min(), max() ve sum()/len() ile istatistikleri hesapla."", ""💡 İpucu 3: round(avg, 2) ile yuvarla.""]",34,price_analysis
data-structures,Kümülatif Toplam,kumulatif-toplam,beginner,"Bir listenin kümülatif (birikimli) toplamını hesapla.
Her index i için sonuç[i] = input[0] + input[1] + ... + input[i].
Boş liste için boş liste döndür.","def cumulative_sum(nums: list[int]) -> list[int]:
    pass","[{""input"": [1, 2, 3, 4], ""expected"": [1, 3, 6, 10], ""description"": ""artan dizi""}, {""input"": [5, 5, 5, 5, 5], ""expected"": [5, 10, 15, 20, 25], ""description"": ""sabit değerler""}, {""input"": [10], ""expected"": [10], ""description"": ""tek eleman""}, {""input"": [], ""expected"": [], ""description"": ""boş liste""}]","[""💡 İpucu 1: Döngü başında running_total = 0 tut."", ""💡 İpucu 2: Her elemanda running_total += n, ardından result'a ekle."", ""💡 İpucu 3: itertools.accumulate(nums) de aynı sonucu verir.""]",35,cumulative_sum
pandas,Eksik Değer Doldurma,eksik-deger-doldurma,beginner,"Bir sayı listesindeki None değerleri, listenin ortalamasıyla doldur. Ortalama hesaplanırken None değerler yoksayılır. Tüm liste None ise tüm elemanlar None kalır. Liste boşsa boş liste döndür.

Örnek: [1, None, 3, None, 5] → [1, 3.0, 3, 3.0, 5] (ortalama = 3.0)

pandas/NumPy kullanmadan, saf Python (sum, len, list comprehension) ile çöz.","def fill_missing(nums: list[int]) -> list[int | float]:
    pass","[{""input"": [1, null, 3, null, 5], ""expected"": [1, 3.0, 3, 3.0, 5]}, {""input"": [10, null, 20], ""expected"": [10, 15.0, 20]}]","[""💡 İpucu 1: Önce sadece sayısal değerlerin ortalamasını hesapla."", ""💡 İpucu 2: nums = [x for x in numbers if x is not None]"", ""💡 İpucu 3: Ortalama = sum(nums) / len(nums); sonra None'ları bu değerle değiştir.""]",37,fill_missing
pandas,Satış Raporu,satis-raporu,beginner,"Satış verisini ürün bazında grupla, toplam satışı hesapla ve en çok satan ürünü döndür.","def top_selling_product(mapping: dict, data: dict, mapping2: dict) -> str:
    pass","[{""input"": [{""product"": ""A"", ""amount"": 100}, {""product"": ""B"", ""amount"": 200}, {""product"": ""A"", ""amount"": 150}], ""expected"": ""A"", ""description"": ""A toplam 250, B 200""}, {""input"": [{""product"": ""X"", ""amount"": 50}], ""expected"": ""X"", ""description"": ""tek ürün""}, {""input"": [{""product"": ""A"", ""amount"": 100}, {""product"": ""B"", ""amount"": 100}], ""expected"": ""A"", ""description"": ""beraberlikte ilk gelen""}, {""input"": [{""product"": ""K"", ""amount"": 5}, {""product"": ""L"", ""amount"": 5}, {""product"": ""M"", ""amount"": 10}], ""expected"": ""M"", ""description"": ""açık ara kazanan""}]","[""💡 İpucu 1: Bir dict ile ürün → toplam satış tut: totals = {}"", ""💡 İpucu 2: Her kayıt için totals[product] = totals.get(product, 0) + amount"", ""💡 İpucu 3: max(totals, key=totals.get) ile en yüksek satışlı ürünü bul.""]",38,top_selling_product
pandas,Günlük Ortalama,gunluk-ortalama,intermediate,"Günlük veri sözlüğünden haftalık ortalama hesapla.
Her hafta 7 günlük gruplara böl ve ortalamasını al.","def weekly_average(x: dict) -> list[float]:
    pass","[{""""input"""": {""""d1"""": 10, """"d2"""": 20, """"d3"""": 30, """"d4"""": 40, """"d5"""": 50, """"d6"""": 60, """"d7"""": 70, """"d8"""": 80}, """"expected"""": [40.0, 80.0], """"description"""": """"8 gun 2 hafta""""}, {""""input"""": {""""d1"""": 7, """"d2"""": 7, """"d3"""": 7, """"d4"""": 7, """"d5"""": 7, """"d6"""": 7, """"d7"""": 7}, """"expected"""": [7.0], """"description"""": """"tam 1 hafta""""}, {""""input"""": {}, """"expected"""": [], """"description"""": """"bos veri""""}]","[""💡 İpucu 1: Değerleri listeye al: values = list(daily_data.values())"", ""💡 İpucu 2: 7'şerlik gruplara böl: [values[i:i+7] for i in range(0, len(values), 7)]"", ""💡 İpucu 3: Her grubun ortalamasını al: sum(group)/len(group)""]",39,weekly_average
pandas,Korelasyon Analizi,korelasyon-analizi,intermediate,"İki sayı listesi arasındaki Pearson korelasyonunu hesapla ve yorumla.
0.7+ güçlü, 0.4-0.7 orta, <0.4 zayıf.","def correlation_analysis(x: dict) -> dict:
    pass","[{""input"": {""x"": [1, 2, 3, 4, 5], ""y"": [2, 4, 6, 8, 10]}, ""expected"": {""correlation"": 1.0, ""strength"": ""güçlü""}}, {""input"": {""x"": [1, 2, 3, 4, 5], ""y"": [5, 4, 3, 2, 1]}, ""expected"": {""correlation"": -1.0, ""strength"": ""güçlü""}}]","[""""İpucu 1: Pearson = cov(X, Y) / (std(X) * std(Y))."""", """"İpucu 2: Önce ortalama al, sonra sapma çarpımı topla."""", """"İpucu 3: |r| < 0.4 zayıf, 0.4-0.7 orta, ≥ 0.7 güçlü.""""]",40,correlation_analysis
pandas,Tekrar Eden Satırlar,tekrar-eden-satirlar,beginner,"Bir listedeki tekrar eden öğeleri kaldır ve kaç tane kaldırıldığını döndür. Sonuç: (temizlenmiş_liste, kaldırılan_sayısı) tuple'ı. Sıra korunur, ilk görülen kalır.

Örnek: [1, 2, 2, 3, 3, 3, 4] → ([1, 2, 3, 4], 3) (3 adet tekrar kaldırıldı: bir 2 ve iki 3).

dict.fromkeys veya set kullanmadan, manuel çözüm gerekli.","def remove_duplicates_count(nums: list[int]) -> tuple[list[int], int]:
    # dict.fromkeys veya set yasak
    # Manuel dedupe (sıra korunur, ilk görülen kalır)
    pass","[{""input"": [1, 2, 2, 3, 3, 3, 4], ""expected"": [[1, 2, 3, 4], 3]}, {""input"": [""a"", ""b"", ""a"", ""c""], ""expected"": [[""a"", ""b"", ""c""], 1]}]","[""💡 İpucu 1: seen = set() ile görülen öğeleri takip et."", ""💡 İpucu 2: Her öğe için: if item not in seen → ekle, else → sayacı artır."", ""💡 İpucu 3: Sonuç: [clean_list, removed_count]""]",41,remove_duplicates_count
pandas,Yaş Grubu Segmentasyonu,yas-grubu-segmentasyonu,beginner,"Yaş listesini gruplara ayır: 0-17 'Genç', 18-64 'Yetişkin', 65+ 'Yaşlı'.
Her yaş için karşılık gelen etiketi döndür.
Örnek: [15, 25, 70] → ['Genç', 'Yetişkin', 'Yaşlı']. Pandas ile pd.cut veya saf Python ile if-elif-else.","def age_segment(ages: list[int]) -> list[str]:
    pass","[{""input"": [15, 25, 70, 5, 45], ""expected"": [""Genç"", ""Yetişkin"", ""Yaşlı"", ""Genç"", ""Yetişkin""], ""description"": ""karışık yaşlar""}, {""input"": [0, 17, 18, 64, 65], ""expected"": [""Genç"", ""Genç"", ""Yetişkin"", ""Yetişkin"", ""Yaşlı""], ""description"": ""sınır değerler""}, {""input"": [100, 200], ""expected"": [""Yaşlı"", ""Yaşlı""], ""description"": ""çok yaşlılar""}, {""input"": [], ""expected"": [], ""description"": ""boş liste""}]","[""💡 İpucu 1: Her yaş için koşullu kontrol yap."", ""💡 İpucu 2: if age <= 17: 'Genç', elif age <= 64: 'Yetişkin', else: 'Yaşlı'"", ""💡 İpucu 3: List comprehension kullan: [segment(a) for a in ages]""]",42,age_segment
pandas,Grup Toplamı,grup-toplami,intermediate,"Satış verisinden bölge bazında toplam satışı hesapla.
Sonuç: {bölge: toplam_satış} sözlüğü","def region_totals(sales: list[dict]) -> dict:
    pass","[{""input"": [{""region"": ""A"", ""sales"": 100}, {""region"": ""B"", ""sales"": 50}, {""region"": ""A"", ""sales"": 150}, {""region"": ""B"", ""sales"": 100}], ""expected"": {""A"": 250, ""B"": 150}, ""description"": ""2 bölge""}, {""input"": [{""region"": ""X"", ""sales"": 10}], ""expected"": {""X"": 10}, ""description"": ""tek bölge""}, {""input"": [{""region"": ""A"", ""sales"": 5}, {""region"": ""B"", ""sales"": 10}, {""region"": ""C"", ""sales"": 15}], ""expected"": {""A"": 5, ""B"": 10, ""C"": 15}, ""description"": ""3 bölge tek satır""}, {""input"": [], ""expected"": {}, ""description"": ""boş veri""}]","[""💡 İpucu 1: Boş bir dict: totals = {}"", ""💡 İpucu 2: Her kayıt için totals[region] = totals.get(region, 0) + sales"", ""💡 İpucu 3: totals dict'ini döndür.""]",43,region_totals
pandas,Aykırı Değer Tespiti,aykiri-deger-tespiti,intermediate,"IQR yöntemiyle aykırı değerleri tespit et.
Q1-1.5*IQR altındakiler veya Q3+1.5*IQR üstündekiler aykırıdır.
Sonuç: aykırı değerlerin indeks listesi.","def detect_outliers(nums: list[int]) -> list[int]:
    pass","[{""input"": [1, 2, 2, 3, 3, 3, 100], ""expected"": [6]}, {""input"": [10, 11, 12, 13, 14, 15], ""expected"": []}]","[""💡 İpucu 1: Sıralı listeden Q1 (25. yüzdelik) ve Q3 (75. yüzdelik) hesapla."", ""💡 İpucu 2: IQR = Q3 - Q1; alt sınır = Q1 - 1.5*IQR, üst sınır = Q3 + 1.5*IQR"", ""💡 İpucu 3: [i for i, x in enumerate(data) if x < lower or x > upper]""]",44,detect_outliers
pandas,Rolling Ortalama,rolling-ortalama,intermediate,"k-pencereli rolling (kayan pencere) ortalama hesapla.
Her i >= k-1 için sonuç[i] = ortalama(data[i-k+1 : i+1]); ilk k-1 eleman için None (veya null) döndür.
Liste uzunluğu < k ise tüm liste için None döndür.","def rolling_average(nums: list[float], k: int) -> list[float | None]:
    # Manuel kayan pencere hesabı
    pass","[{""input"": {""data"": [1, 2, 3, 4, 5], ""k"": 3}, ""expected"": [null, null, 2.0, 3.0, 4.0], ""description"": ""k=3, 5 eleman""}, {""input"": {""data"": [10, 20, 30, 40], ""k"": 2}, ""expected"": [null, 15.0, 25.0, 35.0], ""description"": ""k=2""}, {""input"": {""data"": [5, 5, 5], ""k"": 1}, ""expected"": [5.0, 5.0, 5.0], ""description"": ""k=1, hepsi dolu""}, {""input"": {""data"": [1, 2], ""k"": 5}, ""expected"": [null, null], ""description"": ""veri k'dan kısa""}]","[""""İpucu 1: Pencere = liste dilimi data[i-k+1 : i+1]."""", """"İpucu 2: İlk k-1 için None döndür (yetersiz veri)."""", """"İpucu 3: Kısa yol: sum(window) / k.""""]",45,rolling_average
algorithms,İkili Arama,i-kili-arama,beginner,"Sıralı bir listede binary search ile hedef sayının indeksini döndür.
Bulunamazsa -1 döndür.","def binary_search_index(nums: list[int], target: int) -> int:
    # Manuel ikiye bölme, bisect yasak
    pass","[{""input"": {""arr"": [1, 3, 5, 7, 9, 11], ""target"": 7}, ""expected"": 3}, {""input"": {""arr"": [1, 3, 5, 7, 9, 11], ""target"": 6}, ""expected"": -1}, {""input"": {""arr"": [1], ""target"": 1}, ""expected"": 0}]","[""💡 İpucu 1: left=0, right=len(arr)-1 ile başla."", ""💡 İpucu 2: mid = (left+right)//2; arr[mid]>target ise right=mid-1, küçükse left=mid+1"", ""💡 İpucu 3: arr[mid]==target ise mid'i döndür. Döngü biterse -1.""]",46,binary_search_index
algorithms,İki Maaş Bordrosunu Birleştir,i-ki-maas-bordrosunu-birlestir,intermediate,"İki maaş bordrosu kaydını birleştirip tek bir sözlük olarak döndüren fonksiyon yaz. Ortak alanlar üzerinde değerler güncellenir (ikinci sözlük kazanır), çakışmayan alanlar korunur.","def merge_salaries(eng: dict, mkt: dict) -> dict:
    pass","[{""""input"""": [{""""ali"""": 80000, """"ayse"""": 75000}, {""""ayse"""": 72000, """"mehmet"""": 70000}], """"expected"""": {""""ali"""": 80000, """"ayse"""": 72000, """"mehmet"""": 70000}, """"description"""": """"catisma ikinci kazanir""""}, {""""input"""": [{""""a"""": 1}, {""""b"""": 2}], """"expected"""": {""""a"""": 1, """"b"""": 2}, """"description"""": """"ayrik alanlar""""}]","[""💡 İpucu 1: Sonuç sözlüğünü eng kopyasıyla başlat: result = dict(eng)."", ""💡 İpucu 2: mkt içindeki her anahtar-değer çiftini result üzerine yaz: result.update(mkt)."", ""💡 İpucu 3: Python 3.9+’da {**eng, **mkt} tek satırda aynı işi yapar.""]",68,merge_salaries
algorithms,Verilen miktarı en az sayıda bozuk para ile öde,verilen-miktari-en-az-sayida-bozuk-para-ile-ode,beginner,"Verilen miktarı en az sayıda bozuk para ile öde.
Kullanılabilir bozukluklar: [100,50,25,10,5,1] kuruş.","def make_change(n: int) -> dict:
    pass","[{""input"": 187, ""expected"": {""100"": 1, ""50"": 1, ""25"": 1, ""10"": 1, ""5"": 0, ""1"": 2}}, {""input"": 75, ""expected"": {""100"": 0, ""50"": 1, ""25"": 1, ""10"": 0, ""5"": 0, ""1"": 0}}]","[""💡 İpucu 1: Her bozukluk için: count = amount // coin"", ""💡 İpucu 2: amount = amount % coin ile kalanı güncelle."", ""💡 İpucu 3: Sonuçları result[coin] = count olarak sakla.""]",48,make_change
algorithms,Kaplama Problemi,kaplama-problemi,intermediate,"n×m'lik bir grid var (ör: 3×3). Sol üstten (0,0) sağ alta (n-1,m-1) sadece SAĞ veya AŞAĞI hareket edebilirsin.
Kaç farklı yol var? Bu klasik bir DP problemidir: dp[i][j] = dp[i-1][j] + dp[i][j-1]. n=1 veya m=1 için yol sayısı 1'dir.
Örnek: 2×2 grid'de 2 yol (sağ-aşağı veya aşağı-sağ).","def climb_stairs(n: int) -> int:
    pass","[{""input"": {""n"": 2, ""m"": 2}, ""expected"": 2}, {""input"": {""n"": 3, ""m"": 3}, ""expected"": 6}, {""input"": {""n"": 1, ""m"": 5}, ""expected"": 1}, {""input"": {""n"": 4, ""m"": 4}, ""expected"": 20}]","[""💡 İpucu 1: Bu aslında Fibonacci dizisi! dp[1]=1, dp[2]=2"", ""💡 İpucu 2: dp[i] = dp[i-1] + dp[i-2] (bir önceki veya iki önceki basamaktan gelir)"", ""💡 İpucu 3: Hafıza optimizasyonu için yalnızca son iki değeri tut.""]",49,grid_unique_paths
algorithms,En Kısa Yol (BFS),bir-2d-grid-de-0-gecit-1-duvar,intermediate,"Bir 2D grid'de (0=geçit, 1=duvar) en kısa yolu bul.
(0,0)'dan (m-1, n-1)'e sadece sağ/aşağı hareketle.
Başlangıç veya bitiş duvarsa ya da yol yoksa -1 döndür.","def shortest_path(nums: list[int], lst: list[int], arr2: list[int]) -> int:
    pass","[{""input"": [[0, 0, 0], [1, 1, 0], [0, 0, 0]], ""expected"": 4, ""description"": ""klasik örnek""}, {""input"": [[0, 1], [1, 0]], ""expected"": -1, ""description"": ""ulaşılamaz""}, {""input"": [[0, 0], [0, 0]], ""expected"": 2, ""description"": ""açık 2x2""}, {""input"": [[1]], ""expected"": -1, ""description"": ""başlangıç duvar""}]","[""💡 İpucu 1: BFS için queue kullan: [(0,0,0)]  # (satır, sütun, adım)"", ""💡 İpucu 2: Ziyaret edilenleri takip et: visited = set(); visited.add((0,0))"", ""💡 İpucu 3: 4 yön: [(-1,0),(1,0),(0,-1),(0,1)]; sınır ve duvar kontrolü yap.""]",50,shortest_path
algorithms,En Yakın Rakam Toplamı,en-yakin-rakam-toplami,intermediate,"Bir sayı dizisinde, toplamı hedef sayıya en yakın olan iki elemanı bul.
Birden fazla çözüm varsa, herhangi birini döndürmek yeterli.
Sonuç: [eleman1, eleman2] şeklinde liste döndür.
Örnek: [1, 2, 3, 4, 5]","def find_closest_pair(x: dict) -> list[int]:
    pass","[{""""input"""": [8, [1, 2, 3, 4, 5]], """"expected"""": [3, 5], """"description"""": """"target 8""""}, {""""input"""": [10, [1, 2, 3, 4]], """"expected"""": [3, 4], """"description"""": """"target 10""""}]","[""💡 İpucu 1: Önce listeyi sırala (sıralanmış liste ile çalışmak daha kolay)."", ""💡 İpucu 2: İki işaretçi tekniği kullan — biri başta, biri sonda."", ""💡 İpucu 3: current_sum = arr[left] + arr[right]; hedefe göre işaretçileri hareket ettir.""]",70,find_closest_pair
algorithms,Tekrarlanan Karakter Zinciri,tekrarlanan-karakter-zinciri,intermediate,"Bir string içinde art arda tekrar eden karakterlerden oluşan en uzun zinciri bul. Sonuç: (karakter, zincir_uzunluğu) tuple'ı. Birden fazla eşit uzunlukta zincir varsa alfabetik ilk karakteri döndür.

Örnek: 'aabbbcccddde' → ('b', 3) veya 'aaabbb' → ('a', 3)

itertools.groupby yasak, manuel sayaç mantığı gerekli.","def longest_char_chain(nums: str) -> list[str]:
    pass","[{""""input"""": """"aabbbcccddaaa"""", """"expected"""": [""""b"""", 3], """"description"""": """"aabbbcccddaaa""""}, {""""input"""": """"abcdef"""", """"expected"""": [""""a"""", 1], """"description"""": """"unique chars""""}, {""""input"""": """"aaaaa"""", """"expected"""": [""""a"""", 5], """"description"""": """"5 a""""}, {""""input"""": """""""", """"expected"""": ["""""""", 0], """"description"""": """"bos string""""}]","[""💡 İpucu 1: İki değişken tut: mevcut karakter ve mevcut sayı."", ""💡 İpucu 2: Her yeni karakter için: aynıysa sayıyı artır, farklıysa sıfırla."", ""💡 İpucu 3: En uzun zinciri ve karakterini takip et.""]",71,longest_char_chain
algorithms,Alt Dizi Toplam Kontrolü,alt-dizi-toplam-kontrolu,intermediate,"Bir sayı listesi ve bir hedef sayı veriliyor. Listedeki herhangi bir alt dizinin (continuous subsequence) toplamı hedefe eşit mi? Varsa True, yoksa False döndür. Boş alt dizi toplamı 0 kabul edilir, hedef 0 ise True.

Örnek: [1, 4, 2, 7], hedef=6 → True (4+2). Örnek: [1, 4, 2, 7], hedef=20 → False.

O(n^2) brute force kabul, O(n) prefix sum ile optimal çözüm teşvik edilir.","def has_subarray_with_sum(x: dict) -> bool:
    pass","[{""input"": {""nums"": [1, 4, 20, 3, 10, 5], ""target"": 33}, ""expected"": true}, {""input"": {""nums"": [1, 2, 3, 4], ""target"": 15}, ""expected"": false}, {""input"": {""nums"": [1, 2, 3], ""target"": 6}, ""expected"": true}, {""input"": {""nums"": [0, 0], ""target"": 0}, ""expected"": true}, {""input"": {""nums"": [-2, -1, 0, 1, 2], ""target"": 0}, ""expected"": true}]","[""💡 İpucu 1: Sliding window tekniği düşün — başlangıç ve bitiş işaretçileri."", ""💡 İpucu 2: Mevcut toplam hedefi aştıysa, başlangıcı kaydır."", ""💡 İpucu 3: Negatif sayılar varsa sliding window çalışmaz — prefix sum + hashmap dene.""]",72,subarray_sum_exists
python-basics,Cift Sayilari Filtrele ve Karelerini Topla,cift-sayilari-filtrele-ve-karelerini-topla,beginner,"Bir sayı listesi var. Listedeki SADECE çift sayıların karelerini al ve topla. Tek sayılar yok sayılır (sadece çiftler işlenir). Liste boşsa 0 döndür.

Örnek: [1, 2, 3, 4, 5, 6] → 4² + 6² = 16 + 36 = 52.

sum() ve filter() kullanmadan, manuel akümülatör gerekli (for döngüsü).","def sum_of_even_squares(nums: list[int]) -> int:
    pass","[{""input"": [2, 3, 4, 5, 6], ""expected"": 56}, {""input"": [1, 3, 5, 7], ""expected"": 0}, {""input"": [10], ""expected"": 100}, {""input"": [], ""expected"": 0}]","[""💡 Ipucu 1: x % 2 == 0 ile cift sayilari filtrele."", ""💡 Ipucu 2: sum() icinde generator expression kullan."", ""💡 Ipucu 3: sum(x*x for x in nums if x % 2 == 0) tek satirda coz.""]",84,sum_even_squares
python-basics,Iki String Arasindaki Ortak Karakterler,iki-string-arasindaki-ortak-karakterler,beginner,"İki string arasında ortak karakterleri (küçük harf duyarsız, tekrar etmeyen) alfabetik sırayla liste olarak döndüren fonksiyon yaz.","def common_chars(s: str, text: str) -> list | list[str]:
    pass","[{""""input"""": [""""Merhaba"""", """"Araba""""], """"expected"""": [""""a"""", """"r""""], """"description"""": """"2 string""""}, {""""input"""": [""""Python"""", """"Java""""], """"expected"""": [""""a""""], """"description"""": """"2 string""""}]","[""💡 Ipucu 1: set(a.lower()) & set(b.lower()) -> kesisim."", ""💡 Ipucu 2: sorted() ile alfabetik siraya koy."", ""💡 Ipucu 3: list(sorted(set(a.lower()) & set(b.lower()))) tek satir.""]",85,common_chars
algorithms,Sayilari Toplami Hedefe Esit Olan Ciftler,sayilari-toplami-hedefe-esit-olan-ciftler,intermediate,"Bir liste ve bir hedef sayı var. Listedeki hangi iki sayının toplamı hedefe eşit? Tüm benzersiz çiftleri (küçük, büyük) sırayla, hedef sırasına göre listele. Aynı değer iki kez kullanılamaz.

Örnek: [1, 5, 3, 7, 2], hedef=8 → [(1, 7), (3, 5)]

dict (hash map) ile O(n) çözüm; nested loop O(n²) kabul ama yavaş.","def two_sum_pairs(nums: list[int], target: int) -> list[list[int]]:
    pass","[{""""input"""": [[2, 7, 11, 15], 9], """"expected"""": [[2, 7]], """"description"""": """"target 9""""}, {""""input"""": [[1, 5, 3, 7, 9], 12], """"expected"""": [[3, 9], [5, 7]], """"description"""": """"target 12""""}, {""""input"""": [[1, 2, 3], 10], """"expected"""": [], """"description"""": """"hedef yok""""}]","[""""İpucu 1: Hash map: her sayının hedef-a eşini kontrol et."""", """"İpucu 2: dict[needed] = i, dict[number] = i."""", """"İpucu 3: Aynı çifti tekrar ekleme (set kullan).""""]",88,two_sum_pairs
algorithms,Sirali Dizide Ilk ve Son Occurrence,sirali-dizide-ilk-ve-son-occurrence,intermediate,"Sirali bir dizide target degerin ILK ve SON indeksini bul.
Yoksa [-1, -1] dondur.
find_first = lower bound","def search_range(nums: list[int], n: int) -> list[int]:
    pass","[{""input"": [[5, 7, 7, 8, 8, 10], 8], ""expected"": [3, 4]}, {""input"": [[5, 7, 7, 8, 8, 10], 6], ""expected"": [-1, -1]}, {""input"": [[], 0], ""expected"": [-1, -1]}, {""input"": [[1], 1], ""expected"": [0, 0]}, {""input"": [[1, 2, 3, 4, 5], 3], ""expected"": [2, 2]}]","[""💡 Ipucu 1: Iki binary search: biri lower bound, biri upper bound."", ""💡 Ipucu 2: nums[mid] < target -> sol = mid + 1; degilse sag = mid."", ""💡 Ipucu 3: Ilk occurrence icin >= target, son occurrence icin > target kullan.""]",94,search_range
algorithms,Dondurulmus Sirali Dizide Arama,dondurulmus-sirali-dizide-arama,intermediate,"Döndürülmüş (rotated) sıralı bir dizide hedef değerin indexini bul.
Aramayı O(log n)'de yap (binary search varyasyonu).
Yoksa -1 döndür.","def search_rotated(nums: list[int], n: int) -> int:
    pass","[{""input"": [[4, 5, 6, 7, 0, 1, 2], 0], ""expected"": 4, ""description"": ""klasik""}, {""input"": [[4, 5, 6, 7, 0, 1, 2], 3], ""expected"": -1, ""description"": ""yok""}, {""input"": [[1], 0], ""expected"": -1, ""description"": ""tek eleman, yok""}, {""input"": [[1, 3], 3], ""expected"": 1, ""description"": ""sağ yarıda""}, {""input"": [[5, 1, 3], 5], ""expected"": 0, ""description"": ""sol yarıda""}]","[""💡 Ipucu 1: Her adimda bir yari SORTED (sol veya sag)."", ""💡 Ipucu 2: nums[low] <= nums[mid] ise sol yari sirali; kontrol et target sol aralikta mi."", ""💡 Ipucu 3: Aksi halde sag yari sirali; kontrol et target sag aralikta mi.""]",95,search_rotated
algorithms,Tepe Elemanı Bul,bir-dizide-peak-element-nums-i-1-nums-i,intermediate,"Bir dizide tepe elemanı bul: nums[i-1] < nums[i] > nums[i+1]. Sadece komşularına bakarak (O(log n)) bulunabilir. Birden fazla tepe varsa herhangi birinin indeksini döndür.

Örnek: [1, 2, 3, 1] → 2 (nums[2]=3). Kenar elemanlar da tepe olabilir (sadece bir komşuya bakılır).

Modified binary search: ortadan başla, tarafa göre daralt.","def find_peak(nums: list[int]) -> int:
    pass","[{""input"": [1, 2, 3, 1], ""expected"": 2}, {""input"": [1, 2, 1, 3, 5, 6, 4], ""expected"": 5}, {""input"": [1], ""expected"": 0}, {""input"": [1, 2], ""expected"": 1}, {""input"": [2, 1], ""expected"": 0}]","[""💡 Ipucu 1: nums[mid] < nums[mid+1] ise peak sag tarafta."", ""💡 Ipucu 2: nums[mid] > nums[mid+1] ise peak sol tarafta (veya mid kendisi)."", ""💡 Ipucu 3: low < high dongusu kullan, return low.""]",96,find_peak_element
algorithms,Iki Isaretci ile Palindrom Kontrolu,iki-isaretci-ile-palindrom-kontrolu,intermediate,"Bir string'in palindrom olup olmadığını iki işaretçi ile kontrol et. Alfanümerik olmayan karakterler (boşluk, noktalama, büyük/küçük harf farkı) yoksayılır. Boş string palindrom kabul edilir.

Örnek: 'A man, a plan, a canal: Panama' → True. Örnek: 'race a car' → False.

str.replace/re.sub yasak, manuel karakter kontrolü gerekli.","def is_palindrome_two_pointer(x: str) -> bool:
    pass","[{""input"": ""A man, a plan, a canal: Panama"", ""expected"": true}, {""input"": ""race a car"", ""expected"": false}, {""input"": "" "", ""expected"": true}, {""input"": ""No lemon, no melon"", ""expected"": true}, {""input"": ""12321"", ""expected"": true}]","[""💡 Ipucu 1: left=0, right=len(s)-1 ile basla, iki uca isaretci koy."", ""💡 Ipucu 2: Alfanumerik degilse skip et (s[left].isalnum())."", ""💡 Ipucu 3: s[left].lower() != s[right].lower() ise False dondur.""]",97,is_palindrome_two_pointer
python-basics,Sag ve Sol En Uzun Karaktersiz Alt Dizi,sag-ve-sol-en-uzun-karaktersiz-alt-dizi,intermediate,"Bir string içinde en uzun benzersiz (tekrarsız karakter içeren) alt string'in uzunluğunu bul.
Sliding window + set/son_index mantığı kullan, O(n).
Boş string için 0 döndür.","def length_of_longest_substring(x: str) -> int:
    pass","[{""input"": ""abcabcbb"", ""expected"": 3, ""description"": ""klasik (abc)""}, {""input"": ""bbbbb"", ""expected"": 1, ""description"": ""hep aynı karakter""}, {""input"": ""pwwkew"", ""expected"": 3, ""description"": ""wke""}, {""input"": """", ""expected"": 0, ""description"": ""boş string""}, {""input"": ""abcdef"", ""expected"": 6, ""description"": ""tamamen benzersiz""}]","[""💡 Ipucu 1: Sliding window: left ve right isaretcileri, bir set ile tutulan karakterleri izle."", ""💡 Ipucu 2: s[right] sette varsa, left'ten baslayarak setten cikar, left++."", ""💡 Ipucu 3: Her adimda max(max_len, right - left + 1) guncelle.""]",98,length_of_longest_substring
algorithms,Iki Isaretci Ile Ters Ciftleri Say,iki-isaretci-ile-ters-ciftleri-say,intermediate,"Bir dizide, dizideki elemanların toplamı daha büyük olan (dominant) sayıyı bul.
Örnek: [16, 6, 3, 2, 1] → 16 (toplam 6+3+2+1=12, 16>12).
2x > sum(dizi) kontrolü, max() ile en büyük dominant eleman.","def count_inversions(nums: list[int]) -> int:
    pass","[{""input"": [2, 4, 1, 3, 5], ""expected"": 3}, {""input"": [5, 4, 3, 2, 1], ""expected"": 10}, {""input"": [1, 2, 3, 4, 5], ""expected"": 0}, {""input"": [1], ""expected"": 0}, {""input"": [], ""expected"": 0}]","[""💡 Ipucu 1: Merge sort yaklasimi - bol ve fethet."", ""💡 Ipucu 2: Sayaci merge sirasinda artir: sol[i] > sag[j] ise count += len(sol) - i."", ""💡 Ipucu 3: Daha basit O(n^2): her cifti kontrol et (ama yavas).""]",99,count_inversions
algorithms,Bir dizide en sik gecen K elemani bul,bir-dizide-en-sik-gecen-k-elemani-bul,intermediate,"Bir dizide en sik gecen K elemani bul.
Siralama onemli degil.
Ornek: nums=[1,1,1,2,2,3]","def top_k_frequent(nums: list[int], n: int) -> list[int]:
    pass","[{""input"": [[1, 1, 1, 2, 2, 3], 2], ""expected"": [1, 2]}, {""input"": [[1], 1], ""expected"": [1]}, {""input"": [[1, 2, 3, 4, 5], 5], ""expected"": [1, 2, 3, 4, 5]}, {""input"": [[4, 4, 4, 5, 5, 6], 1], ""expected"": [4]}]","[""💡 Ipucu 1: Counter ile frekanslari say."", ""💡 Ipucu 2: most_common(k) -> tek satirda coz (heap altyapili)."", ""💡 Ipucu 3: Manuel heap: heappush/pop ile O(n log k).""]",100,top_k_frequent
algorithms,İki Dizinin Kesişimi,i-ki-dizinin-kesisimi,beginner,"İki dizinin kesişimini (ortak elemanlar) döndür. Sonuçtaki her eleman eşsiz olmalı, sıralama önemli değil.","def intersection(nums1: list, nums2: list) -> list:
    pass","[{""input"": [[1, 2, 2, 1], [2, 2]], ""expected"": [2], ""description"": ""tekrarlar — unique ortak""}, {""input"": [[4, 9, 5], [9, 4, 9, 8, 4]], ""expected"": [9, 4], ""description"": ""klasik""}, {""input"": [[1, 2, 3], [4, 5, 6]], ""expected"": [], ""description"": ""kesisim yok""}]","[""💡 İpucu 1: set(nums1) & set(nums2) -> Pythonic çözüm."", ""💡 İpucu 2: Küçük diziyi sete çevir, büyük diziyi iterate et."", ""💡 İpucu 3: Tekrarları önle: result.append(x); seen.add(x) ile takip et.""]",101,intersection
algorithms,En Uzun Consecutive Sequence,en-uzun-consecutive-sequence,intermediate,"Bir dizideki en uzun ard arda gelen sayı dizisinin uzunluğunu bul.
Örnek: [100, 4, 200, 1, 3, 2] → 4 ([1,2,3,4]).
HashSet yaklaşımı: O(n) — her eleman için zincirin uzunluğunu bul (komsuya bakarak).","def longest_consecutive(nums: list[int]) -> int:
    pass","[{""input"": [100, 4, 200, 1, 3, 2], ""expected"": 4}, {""input"": [0, 3, 7, 2, 5, 8, 4, 6, 0, 1], ""expected"": 9}, {""input"": [], ""expected"": 0}, {""input"": [1, 2, 3, 4], ""expected"": 4}, {""input"": [10], ""expected"": 1}]","[""💡 Ipucu 1: Tum sayilari sete koy: num_set = set(nums)."", ""💡 Ipucu 2: Sadece dizi baslangici olan sayilari kontrol et: x-1 not in num_set."", ""💡 Ipucu 3: Oradan baslayarak while x+1 in set: x+=1. count tut.""]",102,longest_consecutive
data-structures,Tekrarlayan Elemanları Bul,tekrarlayan-elemanlari-bul,beginner,"Bir koleksiyonda birden fazla geçen elemanları bulun.
Koleksiyon tipini sen seç: hangi yapı en verimli?","def find_duplicates(nums: list[int]) -> list[int]:
    pass","[{""input"": [1, 2, 3, 4, 2, 3, 5], ""expected"": [2, 3]}, {""input"": [""a"", ""b"", ""a"", ""c"", ""b""], ""expected"": [""a"", ""b""]}, {""input"": [1, 2, 3], ""expected"": []}]","[""💡 İpucu 1: Birden fazla geçen elemanları saymak için 'frekans' sayacı lazım."", ""💡 İpucu 2: Counter veya dict.items() kullanabilirsin — hangisi daha okunur?"", ""💡 İpucu 3: count > 1 olanları filtreleyip liste yap.""]",110,find_duplicates
data-structures,En Sık Geçen Eleman,en-sik-gecen-eleman,beginner,"Bir koleksiyonda en çok geçen elemanı bul.
Birden fazla aynı frekansta varsa ilkini döndür.","def most_frequent(nums: list[int]) -> int | str:
    pass","[{""input"": [1, 2, 3, 2, 4, 2, 5], ""expected"": 2}, {""input"": [""a"", ""b"", ""a"", ""c""], ""expected"": ""a""}, {""input"": [1, 2], ""expected"": 1}]","[""💡 İpucu 1: Her elemanın frekansını tut."", ""💡 İpucu 2: collections.Counter kullanabilirsin veya dict."", ""💡 İpucu 3: counter.most_common(1) ile en sık olanı al.""]",112,most_frequent
data-structures,Otomatik Gruplama,otomatik-gruplama,intermediate,"Çiftlerden (key, value) oluşan bir listeyi anahtara göre grupla.
Sonuç: {key: [value1, value2, ...]} sözlüğü.
Gruplama sırası korunur.","def group_pairs(tokens: list[str], texts: list[str], strs: list[str]) -> dict:
    pass","[{""""input"""": [[""""A"""", """"elma""""], [""""A"""", """"armut""""], [""""B"""", """"muz""""]], """"expected"""": {""""A"""": [""""elma"""", """"armut""""], """"B"""": [""""muz""""]}, """"description"""": """"tipik""""}]","[""💡 İpucu 1: Sıradan dict'te her key için önce kontrol gerekir (if x not in d)."", ""💡 İpucu 2: defaultdict(list) ile ilk erişimde boş liste oluşur."", ""💡 İpucu 3: 'd[key].append(value)' ile direkt ekle.""]",114,group_pairs
data-structures,Lazy Üretici,lazy-uretici,intermediate,"Bellek tasarrufu için 0'dan n-1'e kadar sayı üreten generator fonksiyonu yaz.
yield kullan; n=0 ise hiç eleman üretmez.
Sonuç list olarak verilecekse eager çevrim yapılabilir.","def range_gen(n: int) -> list | list[int]:
    pass","[{""""input"""": 5, """"expected"""": [0, 1, 2, 3, 4], """"description"""": """"n=5""""}, {""""input"""": 0, """"expected"""": [], """"description"""": """"n=0""""}]","[""💡 İpucu 1: 'def' içinde 'yield' yaz → otomatik generator olur."", ""💡 İpucu 2: list(range_gen(5)) → [0, 1, 2, 3, 4]"", ""💡 İpucu 3: range() de generator döndürür, aynı mantık.""]",116,range_gen
data-structures,Sıralı Dizide Hızlı Arama,sirali-dizide-hizli-arama,intermediate,"Sıralı bir koleksiyonda belirli bir değeri hızlıca bul.
O(n) linear yerine O(log n) binary search kullan.
Örnek: [1,3,5,7,9,11] içinde 7 → indeks 3. Yoksa -1.
bisect.bisect_left(arr, target) tek satırda.","def search_in_sorted_array(nums: list[int], target: int) -> int:
    # Manuel binary search (sorted olduğu garanti)
    pass","[{""input"": {""sorted_items"": [1, 3, 5, 7, 9], ""value"": 5}, ""expected"": true}, {""input"": {""sorted_items"": [1, 3, 5, 7, 9], ""value"": 4}, ""expected"": false}, {""input"": {""sorted_items"": [], ""value"": 1}, ""expected"": false}]","[""💡 İpucu 1: Doğrusal arama O(n), binary search O(log n)."", ""💡 İpucu 2: İki işaretçi (sol, sağ), orta nokta bul."", ""💡 İpucu 3: bisect modülü hazır binary search sağlar.""]",117,search_in_sorted_array
data-structures,Top-K En Küçük Eleman,top-k-en-kucuk-eleman,intermediate,"Bir koleksiyondaki en küçük K elemanı döndür.
Listeyi tam sıralama O(n log n) yerine heap ile O(n log k).
Örnek: [3,1,4,1,5,9,2,6], k=3 → [1, 1, 2]. heapq.nsmallest(k, iterable).","def top_k_smallest(nums: dict) -> list[int]:
    pass","[{""input"": {""items"": [5, 2, 8, 1, 9, 3], ""k"": 3}, ""expected"": [1, 2, 3]}, {""input"": {""items"": [10, 20, 5, 15], ""k"": 2}, ""expected"": [5, 10]}]","[""💡 İpucu 1: sorted(items)[:k] basit ama O(n log n)."", ""💡 İpucu 2: heapq modülü heap (min-heap) verir."", ""💡 İpucu 3: heapq.nsmallest(k, items) — O(n log k).""]",118,top_k_smallest
data-structures,Kelime Frekansı,kelime-frekansi,beginner,"Bir metindeki kelime frekanslarını dict olarak döndür.
Noktalama ve büyük/küçük harf duyarlı olmasın.","def word_frequency(text: str) -> dict:
    pass","[{""input"": ""Python çok güzel. Python mülakat için."", ""expected"": {""python"": 2, ""çok"": 1, ""güzel"": 1, ""mülakat"": 1, ""için"": 1}, ""description"": ""tipik""}, {""input"": """", ""expected"": {}, ""description"": ""boş string""}, {""input"": ""bir iki bir üç iki bir"", ""expected"": {""bir"": 3, ""iki"": 2, ""üç"": 1}, ""description"": ""basit""}, {""input"": ""Hello, hello! HELLO."", ""expected"": {""hello"": 3}, ""description"": ""case-insensitive + noktalama""}]","[""💡 İpucu 1: .lower() ve regex ile kelimeleri ayır."", ""💡 İpucu 2: Counter kullan — en kısa yol."", ""💡 İpucu 3: dict.items() ile manual sayım da olur.""]",119,word_frequency
data-structures,Çoklu Anahtara Göre Sıralama,coklu-anahtara-gore-siralama,intermediate,"Bir sözlük listesini çoklu anahtara göre sırala.
Önce yaşa göre artan, sonra ada göre alfabetik.
Yapıyı sen seç.","def sort_people(mapping: dict, data: dict, mapping2: dict, mapping3: dict) -> list[dict]:
    pass","[{""input"": [{""name"": ""Ali"", ""age"": 30}, {""name"": ""Ayşe"", ""age"": 25}, {""name"": ""Mehmet"", ""age"": 30}, {""name"": ""Ayşe"", ""age"": 25}], ""expected"": [{""name"": ""Ayşe"", ""age"": 25}, {""name"": ""Ayşe"", ""age"": 25}, {""name"": ""Ali"", ""age"": 30}, {""name"": ""Mehmet"", ""age"": 30}], ""description"": ""tipik çoklu anahtar""}, {""input"": [{""name"": ""A"", ""age"": 20}], ""expected"": [{""name"": ""A"", ""age"": 20}], ""description"": ""tek eleman""}, {""input"": [{""name"": ""B"", ""age"": 30}, {""name"": ""A"", ""age"": 30}, {""name"": ""C"", ""age"": 30}], ""expected"": [{""name"": ""A"", ""age"": 30}, {""name"": ""B"", ""age"": 30}, {""name"": ""C"", ""age"": 30}], ""description"": ""aynı yaş, ada göre""}, {""input"": [], ""expected"": [], ""description"": ""boş liste""}]","[""""İpucu 1: sorted() key parametresi tuple alabilir."""", """"İpucu 2: sorted(data, key=lambda x: (x['age'], x['name']))"""", """"İpucu 3: Çoklu anahtar: (k1, k2) soldan sağa öncelikli.""""]",121,sort_people
list-dict,İki Listenin Simetrik Farkı,i-ki-listenin-simetrik-farki,beginner,"İki listeyi parametre al. Yalnızca bir listede bulunan elemanları (simetrik fark) küçükten büyüğe sıralı liste olarak döndür. Tekrarlayan elemanlar tekilleştirilir.

Örnek: [1, 2, 3], [2, 3, 4] → [1, 4]. Örnek: [1, 1, 2], [2, 3, 3] → [1, 3].

set kullanmadan, manuel döngü ile çöz.","def symmetric_diff(nums: list[int], lst: list[int]) -> list[int]:
    pass","[{""input"": [[1, 2, 3], [3, 4, 5]], ""expected"": [1, 2, 4, 5], ""description"": ""klasik simetrik fark""}, {""input"": [[1, 1, 2], [2, 3]], ""expected"": [1, 3], ""description"": ""tekrarlar kaldirilir""}, {""input"": [[], [1, 2]], ""expected"": [1, 2], ""description"": ""bos liste""}]","[""💡 İpucu 1: set.symmetric_difference() kullanabilirsin."", ""💡 İpucu 2: (a ^ b) küme operatörü de çalışır."", ""💡 İpucu 3: list döndürmek istersen sorted() ile sırala.""]",122,symmetric_difference
python-basics,Cümle Tokenize,bir-cumleyi-kelimelere-ayir-ama-noktalama-isare,beginner,"Bir cümleyi kelimelere ayır ama noktalama işaretlerini kelimeye
yapıştırarak bırak. Örn: ""Merhaba, dünya!"" -> [""Merhaba,"", ""dünya!""]
Yapıyı sen seç.","def split_keep_punct(x: str) -> list[str]:
    pass","[{""input"": ""Merhaba, dünya!"", ""expected"": [""Merhaba,"", ""dünya!""], ""description"": ""temel noktalama""}, {""input"": ""Python mı?"", ""expected"": [""Python"", ""mı?""], ""description"": ""soru işareti""}, {""input"": ""a b c"", ""expected"": [""a"", ""b"", ""c""], ""description"": ""düz metin""}]","[""💡 İpucu 1: re.findall(r\""\\w+[\\w]*\\S*\"", s) deneyebilirsin."", ""💡 İpucu 2: Karakter karakter gezip harf olmayanları sınır olarak kullan."", ""💡 İpucu 3: split() noktalamayı kaybeder, findall daha iyi.""]",123,split_keep_punct
algorithms,Bir dizide n/2'den fazla geçen elemanı bul,bir-dizide-n-2-den-fazla-gecen-elemani-bul,intermediate,"Bir dizide n/2'den fazla geçen elemanı bul. Her zaman böyle bir eleman olduğu garanti edilir. Birden fazla varsa herhangi birini döndür.

Örnek: [3, 2, 3] → 3. Örnek: [2, 2, 1, 1, 1, 2, 2] → 2.

Boyer-Moore Voting Algorithm O(n) O(1) optimal çözüm.","def majority_element(nums: list[int]) -> int:
    pass","[{""input"": [3, 2, 3], ""expected"": 3, ""description"": ""tek majority""}, {""input"": [2, 2, 1, 1, 1, 2, 2], ""expected"": 2, ""description"": ""uzun dizi""}, {""input"": [1], ""expected"": 1, ""description"": ""tek eleman""}]","[""💡 İpucu 1: Boyer-Moore Voting Algorithm kullan."", ""💡 İpucu 2: candidate tut, count artır/azalt."", ""💡 İpucu 3: Son aday kesin çözüm (garanti varken).""]",124,majority_element
python-basics,İki tam sayının ortalamasını hesapla,i-ki-tam-sayinin-ortalamasini-hesapla,intermediate,"İki tam sayının ortalamasını hesapla. (a + b) / 2.
Float sonuç döndür (örn. (3 + 4) / 2 = 3.5).
Negatif sayılar da geçerli.","def average(a: int, b: int) -> int:
    pass","[{""input"": [10, 20], ""expected"": 15, ""description"": ""pozitif""}, {""input"": [-5, 5], ""expected"": 0, ""description"": ""negatif + pozitif""}, {""input"": [3, 7], ""expected"": 5, ""description"": ""tek sayi""}, {""input"": [0, 0], ""expected"": 0, ""description"": ""iki sıfır""}]","[""💡 İpucu 1: (a & b) + ((a ^ b) >> 1) bitsel çözüm."", ""💡 İpucu 2: Sıradan: (a + b) // 2."", ""💡 İpucu 3: (a // 2) + (b // 2) + ((a % 2 + b % 2) // 2).""]",126,average
pandas,DataFrame Satır Normalizasyonu,dataframe-satir-normalizasyonu,intermediate,"Bir DataFrame'in sayısal sütunlarını satır bazlı normalize et: her satırdaki değerler, o satırın toplamına bölünür (yüzde). Satır toplamı 0 olan satırlar aynen kalır (NaN yerine 0). Sayısal olmayan sütunlar dokunulmaz.

Girdi/çıktı: DataFrame dict olarak verilir. Örnek giriş: {'a': [1, 2], 'b': [3, 4]} → çıkış: {'a': [0.25, 0.333], 'b': [0.75, 0.667]}.","def row_normalize(nums: list[int], lst: list[int]) -> list[list[float]] | list[list[int]]:
    pass","[{""""input"""": [{""""a"""": 1, """"b"""": 3}, {""""a"""": 2, """"b"""": 4}], """"expected"""": [{""""a"""": 0.25, """"b"""": 0.75}, {""""a"""": 0.333, """"b"""": 0.667}], """"description"""": """"2 satir normalize""""}]","[""💡 İpucu 1: df.select_dtypes(include=\""number\"").sub(df.min(axis=1), axis=0).div(df.max(axis=1) - df.min(axis=1), axis=0)"", ""💡 İpucu 2: axis=1 satır bazlı demek."", ""💡 İpucu 3: max == min olan satırlarda 0/0 olur, NaN döner.""]",127,dataframe_row_normalize
algorithms,En Uzun Artan Alt Dizi Uzunluğu,bir-dizideki-en-uzun-kesin-artan-altdizinin-uzu,intermediate,"Bir dizideki en uzun kesin artan altdizinin uzunluğunu bul. LIS — O(n log n) patience sorting veya O(n²) DP.

Örnek: [10, 9, 2, 5, 3, 7, 101, 18] → 4 (2, 3, 7, 101). Altdizi sürekli olmak zorunda değil, sadece artan sırada olmalı.","def length_of_lis(nums: list[int]) -> int:
    pass","[{""input"": [10, 9, 2, 5, 3, 7, 101, 18], ""expected"": 4, ""description"": ""klasik""}, {""input"": [0, 1, 0, 3, 2, 3], ""expected"": 4, ""description"": ""tekrar""}, {""input"": [7, 7, 7, 7], ""expected"": 1, ""description"": ""sabit dizi""}]","[""💡 İpucu 1: Patience sorting / binary search ile O(n log n)."", ""💡 İpucu 2: bisect_left ile uygun pozisyonu bul."", ""💡 İpucu 3: O(n²) DP de çalışır ama yavaş.""]",128,length_of_lis
algorithms,Çakışan aralıkları birleştir,cakisan-araliklari-birlestir,intermediate,"Çakışan aralıkları birleştir. Sonuç: çakışmayan, sıralı aralıklar.
Girdi: [[1,3],[2,6],[8,10],[15,18]] -> [[1,6],[8,10],[15,18]]
Yapıyı sen seç.","def merge_intervals(nums: list[int], lst: list[int], arr2: list[int], arr3: list[int]) -> list | list[list[int]]:
    pass","[{""input"": [[1, 3], [2, 6], [8, 10], [15, 18]], ""expected"": [[1, 6], [8, 10], [15, 18]], ""description"": ""klasik""}, {""input"": [[1, 4], [4, 5]], ""expected"": [[1, 5]], ""description"": ""temas birlesir""}, {""input"": [], ""expected"": [], ""description"": ""bos liste""}]","[""💡 İpucu 1: önce start'a göre sırala."", ""💡 İpucu 2: sıralı liste gezip current.end >= next.start ise birleştir."", ""💡 İpucu 3: stack mantığı da kullanılabilir.""]",129,merge_intervals
pandas,DataFrame NaN Doldurma,dataframe-nan-doldurma,intermediate,"DataFrame'deki kategorik sütunlarda NaN değerleri en sık geçen değerle (mode) doldur. Sayısal sütunlara dokunma.
Her kategorik sütun kendi mode'u ile doldurulur.
Örnek: {'şehir': ['İst', NaN, 'Ank', 'İst']} → 'İst' ile doldurulur.","def fill_missing_categorical(data: list[dict]) -> list[dict]:
    # Her dict'teki 'category' alanı None ise en sık geçen değerle doldur
    # data list of dicts (her dict: {'name': '...', 'category': 'X' veya None})
    # en sık kategori tüm veriden hesaplanır
    pass","[{""""input"""": [{""""name"""": """"Ali"""", """"category"""": """"A""""}, {""""name"""": """"Veli"""", """"category"""": null}, {""""name"""": """"Ayse"""", """"category"""": """"A""""}], """"expected"""": [{""""name"""": """"Ali"""", """"category"""": """"A""""}, {""""name"""": """"Veli"""", """"category"""": """"A""""}, {""""name"""": """"Ayse"""", """"category"""": """"A""""}], """"description"""": """"3 kayit 1 null""""}]","[""""İpucu 1: İlk geçişte her kategorinin frekansını say."""", """"İpucu 2: max(counts, key=counts.get) en sık olanı verir."""", """"İpucu 3: İkinci geçişte None'ları en sık ile değiştir.""""]",130,fill_categorical_nan
python-basics,Listedeki Yinelenenleri Say,listedeki-yinelenenleri-say,beginner,"Bir listedeki elemanların kaç kez geçtiğini dict olarak döndür.
Sıra önemsiz. Yapıyı sen seç.","def count_items(nums: list[int]) -> dict:
    pass","[{""input"": [1, 2, 2, 3, 3, 3], ""expected"": {""1"": 1, ""2"": 2, ""3"": 3}, ""description"": ""basit""}, {""input"": [], ""expected"": {}, ""description"": ""bos liste""}, {""input"": [""a"", ""a"", ""b""], ""expected"": {""a"": 2, ""b"": 1}, ""description"": ""string""}]","[""💡 İpucu 1: collections.Counter(items)."", ""💡 İpucu 2: dict.get(k, 0) + 1 döngüsü."", ""💡 İpucu 3: defaultdict(int) kullanabilirsin.""]",131,count_items
data-structures,Deque Kullanarak Kayan Pencere Maksimumu,deque-kullanarak-kayan-pencere-maksimumu,intermediate,"Bir dizide k boyutunda kayan pencere ile her pencerenin maksimumunu bul.
Örnek: [1,3,-1,-3,5,3,6,7], k=3 → [3,3,5,5,6,7].
Deque (monotonic queue) ile O(n) çözüm: önceki küçük elemanları at.","def max_sliding_window(nums: list[int], n: int) -> list[int]:
    pass","[{""input"": [[1, 3, -1, -3, 5, 3, 6, 7], 3], ""expected"": [3, 3, 5, 5, 6, 7], ""description"": ""klasik""}, {""input"": [[1], 1], ""expected"": [1], ""description"": ""tek eleman""}, {""input"": [[9, 11], 2], ""expected"": [11], ""description"": ""k=2""}]","[""💡 İpucu 1: deque tut, index'leri sakla."", ""💡 İpucu 2: eski ve küçük index'leri çıkar."", ""💡 İpucu 3: her adımda deque[0] = pencere max.""]",132,max_sliding_window
python-basics,Liste Kesişimi (Sıralı),i-ki-listenin-ortak-elemanlarini-ilk-listenin-s,beginner,"İki listenin ortak elemanlarını, ilk listenin sırası koruyarak döndür.
Yapıyı sen seç.","def common_in_order(nums: list[int], lst: list[int]) -> list | list[int]:
    pass","[{""""input"""": [[1, 2, 3, 4, 5], [3, 4, 5, 6]], """"expected"""": [3, 4, 5], """"description"""": """"kesisim sirayla""""}]","[""💡 İpucu 1: set(b) oluştur, sonra a'da gez, varsa ekle."", ""💡 İpucu 2: list comprehension ile tek satır."", ""💡 İpucu 3: dict.fromkeys ile tekrarı at.""]",133,common_in_order
list-dict,Sözlük Anahtarlarını Swap ile Değiştir,sozluk-anahtarlarini-swap-ile-degistir,beginner,"Bir dict\'in anahtarları ile değerlerini yer değiştir.
Değerler benzersiz olmalı. Yapıyı sen seç.","def invert_dict(x: dict) -> dict:
    pass","[{""""input"""": {""""a"""": 1, """"b"""": 2, """"c"""": 3}, """"expected"""": {""""1"""": """"a"""", """"2"""": """"b"""", """"3"""": """"c""""}, """"description"""": """"3 anahtar""""}, {""""input"""": {""""x"""": """"y""""}, """"expected"""": {""""y"""": """"x""""}, """"description"""": """"tek anahtar""""}]","[""💡 İpucu 1: {v: k for k, v in d.items()}"", ""💡 İpucu 2: dict comprehension en kısa."", ""💡 İpucu 3: zip ile de yapılabilir: dict(zip(d.values(), d.keys())).""]",134,invert_dict
data-structures,Parantez Dengeleme,bir-string-deki-parantezlerin,beginner,"Bir string'deki parantezlerin dengeli olup olmadığını kontrol et.
Üç tip parantez: (), [], {}. Sadece bu karakterler dikkate alınır.
Açılışta stack'e push, kapanışta pop ve eşleşme kontrolü.","def is_balanced(s: str) -> bool:
    pass","[{""input"": ""()[]{}"", ""expected"": true, ""description"": ""hepsi doğru""}, {""input"": ""(]"", ""expected"": false, ""description"": ""yanlış cins""}, {""input"": ""([)]"", ""expected"": false, ""description"": ""iç içe yanlış""}, {""input"": ""{[]}"", ""expected"": true, ""description"": ""iç içe doğru""}, {""input"": ""([{}])"", ""expected"": true, ""description"": ""üç seviye iç içe""}]","[""💡 İpucu 1: dict ile kapanis->acilis eslemesi tut."", ""💡 İpucu 2: stack oluştur, acilanlari push, kapananla esle."", ""💡 İpucu 3: en sonunda stack bos olmali.""]",135,is_balanced
algorithms,Linked List Döngü Tespiti,bir-linked-list-te-dongu-var-mi-tortoise-hare,intermediate,"Bir linked list'te döngü var mı? Tortoise-Hare (Floyd's cycle detection).
İki pointer: slow 1 adım, fast 2 adım. Döngüde ise buluşurlar.
Ek: döngünün başlangıç noktasını da bulabilirsin.","def linked_list_has_cycle(values: list, pos: int) -> bool:
    """"""""""""LinkedList'te dongu var mi? Tortoise-Hare.
    
    values: dugum degerleri, pos: -1 ise dongu yok, aksi halde pos'tan basla
    """"""""""""
    if not values or pos < 0:
        return False
    # Array indeksle linked list simulasyonu: values[i] -> i+1, son None
    # pos: tail pos'a baglanir (dongu)
    n = len(values)
    if n == 0:
        return False
    # Tortoise-Hare: hizli ve yavas isaretci
    # Simule et: eger pos >= 0 ise son dugum pos'a baglanir, dongu var
    return pos >= 0 and pos < n
","[{""""input"""": [[3, 2, 0, -4], 1], """"expected"""": true, """"description"""": """"pos 1 cycle""""}, {""""input"""": [[1, 2], 0], """"expected"""": true, """"description"""": """"pos 0 cycle""""}, {""""input"""": [[1], -1], """"expected"""": false, """"description"""": """"no cycle""""}]","[""💡 İpucu 1: slow, fast = head, head."", ""💡 İpucu 2: slow birer, fast ikişer ilerler."", ""💡 İpucu 3: slow == fast ise dongu var.""]",136,linked_list_has_cycle
list-dict,İki dict\'i birleştir,i-ki-dict-i-birlestir,intermediate,"İki dict\'i birleştir. Çakışan anahtarlarda ikincinin değeri kazansın.
Yapıyı sen seç.","def merge_dicts(mapping: dict, data: dict) -> dict:
    pass","[{""input"": [{""x"": 1, ""y"": 2}, {""y"": 3, ""z"": 4}], ""expected"": {""x"": 1, ""y"": 3, ""z"": 4}, ""description"": ""catisma""}, {""input"": [{""a"": 1}, {""b"": 2}], ""expected"": {""a"": 1, ""b"": 2}, ""description"": ""ayrik""}, {""input"": [{}, {""k"": ""v""}], ""expected"": {""k"": ""v""}, ""description"": ""bos a""}]","[""💡 İpucu 1: {**a, **b} Python 3.5+ syntax."", ""💡 İpucu 2: a | b Python 3.9+ operatörü."", ""💡 İpucu 3: dict(b.items() + a.items()) eski yöntem.""]",137,merge_dicts_override
pandas,DataFrame NaN Sayımı,dataframe-nan-sayimi,beginner,"Her sütun için NaN sayısını hesapla ve dict olarak döndür.
{column_name: nan_count}. Veri yapısı senin.","def count_nans_per_column(data: list[dict]) -> dict:
    # data: list of dicts, her dict bir satır
    # Her sütun (key) için None/NaN sayısını döndür
    # Sonuç: {'col1': 3, 'col2': 0, ...}
    pass","[{""""input"""": [{""""a"""": 1, """"b"""": null}, {""""a"""": null, """"b"""": 2}, {""""a"""": 3, """"b"""": 4}], """"expected"""": {""""a"""": 1, """"b"""": 1}, """"description"""": """"NaN sayimi""""}]","[""💡 İpucu 1: df.isna().sum().to_dict() tek satırda çözer."", ""💡 İpucu 2: dict comprehension ile: {c: df[c].isna().sum() for c in df.columns}."", ""💡 İpucu 3: Series.sum() NaN'leri 0 sayar.""]",139,nan_counts
data-structures,LRU Cache Uygulaması,lru-cache-uygulamasi,intermediate,"En az kullanılan (LRU) elemanı çıkaran bir cache sınıfı yaz.
get(key) ve put(key, value) operasyonları O(1) olmalı.
Kapasite dolduğunda en az kullanılan eleman çıkarılır.","def lru_cache_operations(ops: list, capacity: int = 2) -> list:
    """"""""""""LRU Cache implementasyonu (ops tabanlı).
    
    ops: [('LRUCache', capacity), ('put', key, val), ('get', key), ...]
    
    Returns: Her op'in sonucu listesi
    """"""""""""
    cache = {}
    order = []  # en eski solda
    results = []
    for op in ops:
        if op[0] == 'LRUCache':
            capacity = op[1]
            results.append(None)
        elif op[0] == 'put':
            key, val = op[1], op[2]
            if key in cache:
                order.remove(key)
            elif len(cache) >= capacity:
                oldest = order.pop(0)
                del cache[oldest]
            cache[key] = val
            order.append(key)
            results.append(None)
        elif op[0] == 'get':
            key = op[1]
            if key in cache:
                order.remove(key)
                order.append(key)
                results.append(cache[key])
            else:
                results.append(-1)
    return results
","[{""""input"""": [[""""LRUCache"""", 2], [""""put"""", 1, 1], [""""put"""", 2, 2], [""""get"""", 1], [""""put"""", 3, 3], [""""get"""", 2], [""""put"""", 4, 4], [""""get"""", 1]], """"expected"""": [null, null, null, 1, null, -1, null, -1], """"description"""": """"klasik LRU""""}]","[""💡 İpucu 1: collections.OrderedDict.move_to_end."", ""💡 İpucu 2: dict + doubly linked list (Node sınıfı)."", ""💡 İpucu 3: get hit ettiğinde sırayı sona taşı.""]",141,lru_cache_operations
dynamic-programming,Climbing Stairs,climbing-stairs,beginner,"n basamaklı bir merdiven var. Her adımda 1 veya 2 basamak çıkabilirsin.
Kaç farklı yol var?
Temel DP: dp[i] = dp[i-1] + dp[i-2] (Fibonacci).","def climb_stairs(n: int) -> int:
    # dp[1]=1, dp[2]=2, dp[i]=dp[i-1]+dp[i-2]
    pass","[{""input"": 2, ""expected"": 2}, {""input"": 3, ""expected"": 3}, {""input"": 5, ""expected"": 8}]","[""💡 dp[1]=1, dp[2]=2 ile başla"", ""💡 dp[i] = dp[i-1] + dp[i-2] (1 veya 2 basamak)"", ""💡 Son iki değeri değişkende tut, O(1) hafıza""]",142,stair_climb_steps
dynamic-programming,Coin Change,coin-change,intermediate,"Verilen coin listesi ile amount kadar para üret.
En az kaç coin gerekir? Olası değilse -1.
Unbounded knapsack.","def coin_change(coins: list, amount: int) -> int:
    # dp[i] = i amount icin minimum coin sayisi
    pass","[{""input"": {""coins"": [1, 5, 10, 25], ""amount"": 41}, ""expected"": 4}, {""input"": {""coins"": [2], ""amount"": 3}, ""expected"": -1}]","[""💡 dp[0]=0, dp[i]=min(dp[i-coin]+1 for coin in coins)"", ""💡 Sonsuz ile başlat (float('inf'))"", ""💡 Her coin için tüm amount'ları güncelle""]",143,coin_change
dynamic-programming,0/1 Knapsack,0-1-knapsack,intermediate,"Her item'ın weight ve value'su var. Kapasite W.
Maksimum value elde et (her item en fazla 1 kez).","def knapsack(weights: list, values: list, W: int) -> int:
    # dp[i][w] = ilk i item ile kapasite w icin max value
    pass","[{""input"": {""weights"": [1, 3, 4, 5], ""values"": [1, 4, 5, 7], ""W"": 7}, ""expected"": 9, ""description"": ""klasik örnek""}, {""input"": {""weights"": [2, 3], ""values"": [3, 4], ""W"": 5}, ""expected"": 7, ""description"": ""küçük örnek""}, {""input"": {""weights"": [10], ""values"": [60], ""W"": 5}, ""expected"": 0, ""description"": ""ağır item sığmaz""}, {""input"": {""weights"": [1, 2, 3], ""values"": [6, 10, 12], ""W"": 5}, ""expected"": 22, ""description"": ""hepsi sığar""}]","[""💡 2D DP tablosu: dp[i][w]"", ""💡 ya item'i al ya alma: max(dp[i-1][w], dp[i-1][w-weight]+value)"", ""💡 1D DP'ye indir (geriye doğru döngü)""]",144,knapsack
dynamic-programming,Longest Common Subsequence,longest-common-subsequence,advanced,"İki string'in en uzun ortak alt dizisinin uzunluğu.
LCS — klasik 2D DP.
Örnek: 'abcde' vs 'ace' → 3 ('ace'). 'abc' vs 'abc' → 3.
Formül: dp[i][j] = dp[i-1][j-1] + 1 (eşitse), max(dp[i-1][j], dp[i][j-1]).","def lcs(text1: str, text2: str) -> int:
    # dp[i][j] = text1[:i] ve text2[:j] LCS
    pass","[{""input"": {""text1"": ""abcde"", ""text2"": ""ace""}, ""expected"": 3}, {""input"": {""text1"": ""abc"", ""text2"": ""abc""}, ""expected"": 3}]","[""💡 Eşit karakter: dp[i][j] = dp[i-1][j-1] + 1"", ""💡 Farklı: max(dp[i-1][j], dp[i][j-1])"", ""💡 Boş string base case""]",145,lcs
dynamic-programming,Maximum Subarray (Kadane),maximum-subarray-kadane,beginner,"Bir dizide en büyük toplam alt diziyi bul.
Kadane's algorithm: O(n) — şu ana kadarki max'i tut.
Örnek: [-2,1,-3,4,-1,2,1,-5,4] → 6 ([4,-1,2,1]).
Tüm elemanlar negatifse en büyük (en az negatif) elemanı döndür.","def max_subarray(nums: list) -> int:
    # current = max(current + num, num), best = max(best, current)
    pass","[{""input"": [-2, 1, -3, 4, -1, 2, 1, -5, 4], ""expected"": 6}, {""input"": [1], ""expected"": 1}]","[""💡 current_max ya current + num ya num"", ""💡 best'i her adımda güncelle"", ""💡 Hepsi negatifse en büyük negatif döner""]",147,max_subarray
dynamic-programming,Word Break,word-break,intermediate,"String s, wordDict'teki kelimelerle oluşturulabilir mi?
Her kelime en az 1 kez, sırasıyla.","def word_break(s: str, word_dict: list) -> bool:
    # dp[i] = s[:i] wordDict ile olusturulabilir mi
    pass","[{""input"": {""s"": ""leetcode"", ""word_dict"": [""leet"", ""code""]}, ""expected"": true}, {""input"": {""s"": ""catsandog"", ""word_dict"": [""cats"", ""dog"", ""sand"", ""and"", ""cat""]}, ""expected"": false}]","[""💡 dp[0]=True, dp[i] = any(dp[j] and s[j:i] in wordDict for j<i)"", ""💡 set'e çevir lookup için O(1)"", ""💡 İç döngüyü j üzerinde tut""]",148,word_break
dynamic-programming,Edit Distance,edit-distance,advanced,"word1'i word2'ye çevirmek için minimum işlem.
İşlemler: insert, delete, replace (her biri 1).","def edit_distance(word1: str, word2: str) -> int:
    # dp[i][j] = word1[:i] → word2[:j] mesafesi
    pass","[{""input"": {""word1"": ""horse"", ""word2"": ""ros""}, ""expected"": 3}, {""input"": {""word1"": ""intention"", ""word2"": ""execution""}, ""expected"": 5}]","[""💡 Eşit karakter: dp[i][j] = dp[i-1][j-1]"", ""💡 Farklı: 1 + min(insert, delete, replace)"", ""💡 dp[0][j]=j, dp[i][0]=i""]",149,edit_distance
dynamic-programming,Unique Paths,unique-paths,beginner,"m×n grid'de (0,0)'dan (m-1,n-1)'e sadece sağ/aşağı.
Kaç farklı yol var?
Örnek: 3×7 grid → 28 yol. Formül: C(m+n-2, m-1).
DP: dp[i][j] = dp[i-1][j] + dp[i][j-1].","def unique_paths(m: int, n: int) -> int:
    pass","[{""input"": {""m"": 3, ""n"": 7}, ""expected"": 28}, {""input"": {""m"": 3, ""n"": 2}, ""expected"": 3}]","[""💡 dp[i][j] = dp[i-1][j] + dp[i][j-1]"", ""💡 dp[0][j]=dp[i][0]=1"", ""💡 1D versiyon: sadece son satırı tut""]",150,unique_paths
dynamic-programming,House Robber,house-robber,beginner,"Bir dizi ev var. Yan yana iki ev soyamazsın (alarm bağlı).
Maksimum para. Maks 2 durum: soy (i) veya soyma (i-1).
Formül: dp[i] = max(dp[i-1], dp[i-2] + nums[i]).
Örnek: [2,7,9,3,1] → 12 (ev 0, 2, 4 veya ev 1, 3).","def rob(nums: list) -> int:
    # dp[i] = ilk i ev icin max, dp[i] = max(dp[i-1], dp[i-2]+nums[i-1])
    pass","[{""input"": [1, 2, 3, 1], ""expected"": 4}, {""input"": [2, 7, 9, 3, 1], ""expected"": 12}]","[""💡 ya i. evi soy ya soymа"", ""💡 dp[i] = max(dp[i-1], dp[i-2] + nums[i-1])"", ""💡 O(1) hafıza: prev1, prev2""]",151,rob
dynamic-programming,Decode Ways,decode-ways,intermediate,"Sayı string'ini decode et. A=1, B=2, ..., Z=26.
Kaç farklı decode yolu var?
Örnek: '12' → 2 ('AB' veya 'L'). '226' → 3. '06' → 0 (leading zero).
DP: dp[i] = dp[i-1] (1 harf) + dp[i-2] (2 harf, 10-26 arası).","def num_decodings(s: str) -> int:
    # dp[i] = s[:i] decode yol sayisi
    pass","[{""input"": ""12"", ""expected"": 2}, {""input"": ""226"", ""expected"": 3}, {""input"": ""06"", ""expected"": 0}]","[""💡 '0' ile başlayan geçersiz"", ""💡 Tek hane: dp[i] += dp[i-1] (eğer s[i-1] != '0')"", ""💡 İki hane: dp[i] += dp[i-2] (eğer 10 <= int(s[i-2:i]) <= 26)""]",152,num_decodings
dynamic-programming,Partition Equal Subset Sum,partition-equal-subset-sum,intermediate,"Dizi iki alt kümeye bölünebilir mi, eşit toplam?
Subset sum problem. Toplam tek ise False.
Örnek: [1,5,11,5] → True ([1,5,5] ve [11]). [1,2,3,5] → False.
DP yaklaşımı: hedef = sum/2, set ile olası toplamları tut.","def can_partition(nums: list) -> bool:
    # toplam tekse False, dp[target] kontrol et
    pass","[{""input"": [1, 5, 11, 5], ""expected"": true}, {""input"": [1, 2, 3, 5], ""expected"": false}]","[""💡 Hedef = toplam // 2"", ""💡 Toplam tekse hemen False"", ""💡 dp[s] = s toplam elde edilebilir mi""]",153,can_partition
heap,Kth Largest Element,kth-largest-element,beginner,"Bir dizideki k. en büyük elemanı bul.
O(n log k) heap ile. heapq.nlargest(k, liste)[-1].
Örnek: [3,2,1,5,6,4], k=2 → 5. Quickselect ortalama O(n) ile de yapılabilir.","def find_kth_largest(nums: list, k: int) -> int:
    # heapq.nlargest(k, nums)[-1] veya min-heap k boyutunda
    pass","[{""input"": {""nums"": [3, 2, 1, 5, 6, 4], ""k"": 2}, ""expected"": 5}, {""input"": {""nums"": [3, 2, 3, 1, 2, 4, 5, 5, 6], ""k"": 4}, ""expected"": 4}]","[""💡 heapq.nlargest(k, nums)[-1] O(n log k)"", ""💡 Veya min-heap tut, boyut k'yı geçince pop"", ""💡 Quickselect O(n) ortalama ama unstable""]",154,find_kth_largest
heap,Merge K Sorted Lists,merge-k-sorted-lists,advanced,"K tane sıralı listeyi tek sıralı liste olarak birleştir.
List[list[int]] input olarak gelir.","def merge_k_sorted_lists(lists: list) -> list:
    # heapq yasak, manuel merge (k kere merge_two_sorted_lists)
    pass","[{""input"": [[1, 4, 5], [1, 3, 4], [2, 6]], ""expected"": [1, 1, 2, 3, 4, 4, 5, 6], ""description"": ""klasik 3 liste""}, {""input"": [[], [1, 2], []], ""expected"": [1, 2], ""description"": ""boş listeler var""}, {""input"": [[1]], ""expected"": [1], ""description"": ""tek liste tek eleman""}, {""input"": [], ""expected"": [], ""description"": ""boş input""}]","[""💡 heapq.merge(*lists) kullan"", ""💡 Veya manuel: (val, idx, list_idx) tuple heap'le"", ""💡 Her adımda en küçük elemanı al""]",156,merge_k_sorted_lists
heap,Find Median from Data Stream,find-median-from-data-stream,advanced,"Veri akışından medyanı bul.
İki heap: max-heap (küçük yarı) + min-heap (büyük yarı).","def median_finder_operations(ops: list) -> list:
    """"""""""""MedianFinder implementasyonu.
    
    ops: [('MedianFinder',), ('addNum', num), ('findMedian',), ...]
    
    Returns: Her op'in sonucu listesi (findMedian: median değer)
    """"""""""""
    nums = []
    results = []
    for op in ops:
        if op[0] == 'MedianFinder':
            results.append(None)
        elif op[0] == 'addNum':
            num = op[1]
            # Siralı ekleme (bisect ile)
            lo, hi = 0, len(nums)
            while lo < hi:
                mid = (lo + hi) // 2
                if nums[mid] < num:
                    lo = mid + 1
                else:
                    hi = mid
            nums.insert(lo, num)
            results.append(None)
        elif op[0] == 'findMedian':
            n = len(nums)
            if n % 2 == 1:
                results.append(float(nums[n // 2]))
            else:
                results.append((nums[n // 2 - 1] + nums[n // 2]) / 2.0)
    return results
","[{""""input"""": [[""""MedianFinder""""], [""""addNum"""", 1], [""""addNum"""", 2], [""""findMedian""""], [""""addNum"""", 3], [""""findMedian""""]], """"expected"""": [null, null, null, 1.5, null, 2.0], """"description"""": """"medyan""""}]","[""💡 small (max-heap) ≤ large (min-heap)"", ""💡 len(small) >= len(large), fark max 1"", ""💡 Medyan: small[0] veya (small[0]+large[0])/2""]",157,median_finder_operations
heap,Task Scheduler,task-scheduler,intermediate,"Aynı task arasında en az n boşluk olmalı. Minimum süre?
Örnek: tasks=['A','A','A','B','B','B'], n=2 → 8.
En sık task sayısı max_count, frame = (max_count-1)*(n+1), toplam = max(frame, len(tasks)).","def least_interval(tasks: list, n: int) -> int:
    # max frekanslı task etrafında plan yap
    pass","[{""input"": {""tasks"": [""A"", ""A"", ""A"", ""B"", ""B"", ""B""], ""n"": 2}, ""expected"": 8, ""description"": ""klasik AABBBA, n=2""}, {""input"": {""tasks"": [""A"", ""A"", ""A"", ""B"", ""B"", ""B""], ""n"": 0}, ""expected"": 6, ""description"": ""n=0 boşluk yok""}, {""input"": {""tasks"": [""A"", ""B"", ""C""], ""n"": 3}, ""expected"": 3, ""description"": ""tekrar yok""}, {""input"": {""tasks"": [""A"", ""A"", ""A"", ""A""], ""n"": 2}, ""expected"": 10, ""description"": ""tek tür task""}]","[""💡 En sık task sayısı f_max"", ""💡 minimum = max(len(tasks), (f_max-1)*(n+1) + max_count)"", ""💡 max_count = f_max olan task sayısı""]",158,least_interval
heap,K Closest Points to Origin,k-closest-points-to-origin,intermediate,"Orijine (0,0) Öklid uzaklığına göre en yakın K noktayı bul.
Uzaklık = sqrt(x^2 + y^2). Karesi ile karşılaştırma yeterli.
Heap veya sort ile O(n log n).","def k_closest(points: list, k: int) -> list:
    # (uzaklık, x, y) tuple'a göre heap
    pass","[{""input"": {""points"": [[1, 3], [-2, 2]], ""k"": 1}, ""expected"": [[-2, 2]], ""description"": ""klasik""}, {""input"": {""points"": [[3, 3], [5, -1], [-2, 4]], ""k"": 2}, ""expected"": [[3, 3], [-2, 4]], ""description"": ""k=2""}, {""input"": {""points"": [[0, 0]], ""k"": 1}, ""expected"": [[0, 0]], ""description"": ""orijinde tek nokta""}, {""input"": {""points"": [[1, 1], [2, 2], [3, 3]], ""k"": 3}, ""expected"": [[1, 1], [2, 2], [3, 3]], ""description"": ""hepsi eşit mesafede""}]","[""💡 heapq.nsmallest(k, points, key=lambda p: p[0]**2 + p[1]**2)"", ""💡 Veya max-heap k boyutunda, O(n log k)"", ""💡 Uzaklık hesabı: sqrt yerine karesi yeterli""]",159,k_closest
heap,Last Stone Weight,last-stone-weight,beginner,"İki en ağır taşı çarpıştır, küçük olan kaybolur (eşitse ikisi de).
Son kalan taşın ağırlığı?
Örnek: [2,7,4,1,8,1] → 1. heapq ile max-heap simülasyonu (negatif push).","def last_stone_weight(stones: list) -> int:
    # heapq'yu max-heap gibi kullan (negatif değer)
    pass","[{""input"": [2, 7, 4, 1, 8, 1], ""expected"": 1, ""description"": ""klasik örnek""}, {""input"": [1], ""expected"": 1, ""description"": ""tek taş""}, {""input"": [2, 2], ""expected"": 0, ""description"": ""eşit ağırlık, ikisi de yok olur""}, {""input"": [10, 4, 2, 10], ""expected"": 2, ""description"": ""iki büyük eşit""}]","[""💡 heapq min-heap, ama max-heap için negatifleri sakla"", ""💡 heapq.heappush/heappop ile yönet"", ""💡 Eşitse ikisi de silinir""]",160,last_stone_weight
heap,Smallest Number Range,smallest-number-range,advanced,"K sıralı dizide hepsinden en az 1 eleman içeren en küçük aralık.
Örnek: [[4,10,15,20,24], [0,9,12,20], [5,18,22,30]] → [20,24] (aralık 4).
Heap ile: her dizinin ilk elemanını heap'e at, min/max takip et.","def smallest_range(nums: list) -> list:
    if not nums: return []
    # En az 1 eleman iceren en kucuk range
    if len(nums) == 1:
        if nums[0]: return [min(nums[0]), max(nums[0])]
        return []
    ranges = []
    for lst in nums:
        if lst: ranges.append((min(lst), max(lst)))
    if not ranges: return []
    ranges.sort()
    # Tum listeleri kapsayan en kucuk aralik
    lo = max(r[0] for r in ranges)
    hi = min(r[1] for r in ranges)
    if lo <= hi: return [lo, hi]
    # Overlap yoksa en genis aralik
    return [ranges[0][0], ranges[-1][1]]
","[{""""input"""": [[4, 10, 15, 24, 26], [0, 9, 12, 20], [5, 18, 22, 30]], """"expected"""": [20, 24], """"description"""": """"3 liste kesisim""""}]","[""💡 Her diziden ilk elemanı al, heap'e koy"", ""💡 Min'i pop, max'i tut, aralık güncelle"", ""💡 Pop edilen listeden sonraki elemana bak""]",161,smallest_range
stack,Valid Parentheses,valid-parentheses,beginner,"Bir string'de parantezler dengeli mi kontrol et. Sadece () [] {} karakterleri.
Açılışta stack push, kapanışta pop ve eşleşme kontrolü.
Kapanışta stack boşsa False döndür.","def valid_parentheses(s: str) -> bool:
    # Manuel stack, balanced parentheses
    pass","[{""input"": ""()"", ""expected"": true, ""description"": ""en basit""}, {""input"": ""()[]{}"", ""expected"": true, ""description"": ""üç tip doğru""}, {""input"": ""(]"", ""expected"": false, ""description"": ""yanlış cins eşleşme""}, {""input"": ""([)]"", ""expected"": false, ""description"": ""yanlış sıralama""}, {""input"": ""{[]}"", ""expected"": true, ""description"": ""iç içe doğru""}]","[""💡 Stack'te son açılan parantezi tut"", ""💡 Kapanış gelince stack'ten pop, eşleşmeli"", ""💡 String sonunda stack boş olmalı""]",162,valid_parentheses
stack,Min Stack,min-stack,intermediate,"Stack O(1)'de push, pop, top, getMin.
Her değer için şu ana kadarki min'i sakla.","def min_stack_operations(ops: list) -> list:
    """"""""""""MinStack implementasyonu.
    
    ops: [('MinStack',), ('push', val), ('pop',), ('top',), ('getMin',), ...]
    
    Returns: Her op'in sonucu listesi
    """"""""""""
    stack = []
    min_stack = []
    results = []
    for op in ops:
        if op[0] == 'MinStack':
            results.append(None)
        elif op[0] == 'push':
            val = op[1]
            stack.append(val)
            if not min_stack or val <= min_stack[-1]:
                min_stack.append(val)
            results.append(None)
        elif op[0] == 'pop':
            if stack:
                val = stack.pop()
                if val == min_stack[-1]:
                    min_stack.pop()
                results.append(None)
        elif op[0] == 'top':
            results.append(stack[-1] if stack else None)
        elif op[0] == 'getMin':
            results.append(min_stack[-1] if min_stack else None)
    return results
","[{""""input"""": [[""""MinStack""""], [""""push"""", -2], [""""push"""", 0], [""""push"""", -3], [""""getMin""""], [""""pop""""], [""""top""""], [""""getMin""""]], """"expected"""": [null, null, null, -3, null, 0, -2], """"description"""": """"min stack""""}]","[""💡 Tuple stack: (val, current_min)"", ""💡 Her push'ta min(val, son_min)"", ""💡 Pop'ta tuple'ı sil, top eski tuple'dan""]",163,min_stack_operations
stack,Daily Temperatures,daily-temperatures,intermediate,"Her gün için, sonraki daha sıcak günü kaç gün sonra? Yoksa 0.
Örnek: [73,74,75,71,69,72,76,73] → [1,1,4,2,1,1,0,0].
Stack (monotonic decreasing) ile O(n) çözüm: indeksleri tut.","def daily_temperatures(temps: list) -> list:
    # monotonik stack, index tut
    pass","[{""input"": [73, 74, 75, 71, 69, 72, 76, 73], ""expected"": [1, 1, 4, 2, 1, 1, 0, 0], ""description"": ""klasik LeetCode""}, {""input"": [30, 40, 50, 60], ""expected"": [1, 1, 1, 0], ""description"": ""artan dizi""}, {""input"": [30, 60, 90], ""expected"": [1, 1, 0], ""description"": ""kısa artan""}, {""input"": [90, 80, 70], ""expected"": [0, 0, 0], ""description"": ""azalan dizi, hep 0""}]","[""💡 Stack'te index tut"", ""💡 Mevcut sıcaklık > stack top ise: farkı yaz, pop"", ""💡 Stack monoton decreasing kalır""]",164,daily_temperatures
stack,Evaluate Reverse Polish Notation,evaluate-reverse-polish-notation,intermediate,"Reverse Polish Notation (RPN) ifadesini hesapla. Token'lar liste halinde gelir.
Sayılar int, operatörler '+', '-', '*', '/' olabilir. Bölme trunc towards zero.
Stack kullan: sayı push, operatör gelince 2 pop.","def eval_rpn(tokens: list) -> int:
    # stack, sayı push, operatör gelince 2 pop ve hesapla
    pass","[{""input"": [""2"", ""1"", ""+"", ""3"", ""*""], ""expected"": 9, ""description"": ""(2+1)*3 = 9""}, {""input"": [""4"", ""13"", ""5"", ""/"", ""+""], ""expected"": 6, ""description"": ""4 + (13/5) = 6""}, {""input"": [""10"", ""6"", ""9"", ""3"", ""+"", ""-11"", ""*"", ""/"", ""*"", ""17"", ""+"", ""5"", ""+""], ""expected"": 22, ""description"": ""karmaşık LeetCode örneği""}, {""input"": [""5""], ""expected"": 5, ""description"": ""tek sayı""}]","[""💡 Operatör değilse stack'e push"", ""💡 Operatörse 2 sayıyı pop ve uygula"", ""💡 Bölme Python negatif-yuvarlama farkına dikkat""]",165,eval_rpn
stack,Largest Rectangle in Histogram,largest-rectangle-in-histogram,advanced,"Histogramdaki en büyük dikdörtgen alanı bul.
Her bar yüksekliği heights[i]. Dikdörtgen bir veya birden fazla ardışık bar kullanabilir.
Monotonik stack ile O(n).","def largest_rectangle(heights: list) -> int:
    # stack'te index tut, artan heights
    pass","[{""input"": [2, 1, 5, 6, 2, 3], ""expected"": 10, ""description"": ""klasik""}, {""input"": [2, 4], ""expected"": 4, ""description"": ""iki bar""}, {""input"": [1], ""expected"": 1, ""description"": ""tek bar""}, {""input"": [0, 0, 0], ""expected"": 0, ""description"": ""sıfır yükseklik""}]","[""💡 Stack'te artan yüksekliklerin indexleri"", ""💡 heights[i] < stack top: genişlik = i - stack[-2] - 1"", ""💡 Sonda sentinel -1 ile stack boşalt""]",166,largest_rectangle
queue,Implement Queue with Stacks,implement-queue-with-stacks,beginner,"Sadece stack kullanarak queue implement et. Amortized O(1) enqueue/dequeue.
push: input stack'e ekle. pop: output stack boşsa input'tan aktar, sonra output'tan pop. Amortized O(1) çünkü her eleman en fazla 2 transfer.","def my_queue_operations(ops: list) -> list:
    """"""""""""Queue implementasyonu (stack'lerle).
    
    ops: [('MyQueue',), ('push', x), ('pop',), ('peek',), ('empty',), ...]
    """"""""""""
    in_stack = []
    out_stack = []
    results = []
    for op in ops:
        if op[0] == 'MyQueue':
            results.append(None)
        elif op[0] == 'push':
            in_stack.append(op[1])
            results.append(None)
        elif op[0] == 'pop':
            if not out_stack:
                while in_stack:
                    out_stack.append(in_stack.pop())
            results.append(out_stack.pop() if out_stack else None)
        elif op[0] == 'peek':
            if not out_stack:
                while in_stack:
                    out_stack.append(in_stack.pop())
            results.append(out_stack[-1] if out_stack else None)
        elif op[0] == 'empty':
            results.append(len(in_stack) == 0 and len(out_stack) == 0)
    return results
","[{""""input"""": [[""""MyQueue""""], [""""push"""", 1], [""""push"""", 2], [""""peek""""], [""""pop""""], [""""empty""""]], """"expected"""": [null, null, null, 1, 1, false], """"description"""": """"queue stack ile""""}]","[""💡 İki stack: input + output"", ""💡 Pop/peek'te output boşsa input'tan aktar"", ""💡 Amortized O(1): her eleman max 2 kez taşınır""]",167,my_queue_operations
queue,Design Circular Queue,design-circular-queue,intermediate,"Sabit boyutlu circular queue tasarla.
FIFO, front/rear wrap around (modular). O(1) enqueue/dequeue.
Dolu vs boş kontrolü: count veya bir slot boş bırak (capacity vs max_size).","def circular_queue_operations(ops: list) -> list:
    """"""""""""Circular Queue implementasyonu.
    
    ops: [('CircularQueue', k), ('enQueue', val), ('deQueue',), ('Front',), ('Rear',), ('isEmpty',), ('isFull',), ...]
    """"""""""""
    queue = []
    capacity = 0
    results = []
    for op in ops:
        if op[0] == 'CircularQueue':
            capacity = op[1]
            queue = []
            results.append(None)
        elif op[0] == 'enQueue':
            if len(queue) < capacity:
                queue.append(op[1])
                results.append(True)
            else:
                results.append(False)
        elif op[0] == 'deQueue':
            if queue:
                queue.pop(0)
                results.append(True)
            else:
                results.append(False)
        elif op[0] == 'Front':
            results.append(queue[0] if queue else -1)
        elif op[0] == 'Rear':
            results.append(queue[-1] if queue else -1)
        elif op[0] == 'isEmpty':
            results.append(len(queue) == 0)
        elif op[0] == 'isFull':
            results.append(len(queue) == capacity)
    return results
","[{""""input"""": [[""""CircularQueue"""", 3], [""""enQueue"""", 1], [""""enQueue"""", 2], [""""enQueue"""", 3], [""""enQueue"""", 4], [""""Rear""""], [""""isFull""""], [""""deQueue""""], [""""enQueue"""", 4], [""""Front""""]], """"expected"""": [null, true, true, true, false, 3, true, null, true, 4], """"description"""": """"circular queue""""}]","[""💡 head/tail index, modulo ile wrap"", ""💡 count ile boş/dolu takibi"", ""💡 Veya bir slot boş bırak (head==tail → boş)""]",169,circular_queue_operations
queue,Number of Recent Calls,number-of-recent-calls,beginner,"Son 3000 ms içindeki ping sayısı. Her ping() çağrısı için.
Deque (queue) ile: eski pings'leri (t-3000'den küçük) öne at, yeni ping'i arkaya ekle, len(deque) döndür.
Örnek: ping(1), ping(300), ping(3000) → 3; ping(3002) → 3 (300 düşer).","def recent_counter_operations(ops: list) -> list:
    """"""""""""RecentCounter (son 3000ms ping'ler).
    
    ops: [('RecentCounter',), ('ping', t), ...]
    """"""""""""
    pings = []
    results = []
    for op in ops:
        if op[0] == 'RecentCounter':
            pings = []
            results.append(None)
        elif op[0] == 'ping':
            t = op[1]
            pings.append(t)
            # Son 3000ms penceresi
            cutoff = t - 3000
            # Eski ping'leri at (siralı olduğu icin soldan)
            while pings and pings[0] < cutoff:
                pings.pop(0)
            results.append(len(pings))
    return results
","[{""""input"""": [[""""RecentCounter""""], [""""ping"""", 1], [""""ping"""", 100], [""""ping"""", 3001], [""""ping"""", 3002]], """"expected"""": [null, 1, 2, 3, 3], """"description"""": """"son 3000ms""""}]","[""💡 deque'ya t ekle"", ""💡 deque[0] < t-3000 ise pop"", ""💡 len(deque) = cevap""]",170,recent_counter_operations
queue,Moving Average from Data Stream,moving-average-from-data-stream,intermediate,"Son N değerin hareketli ortalamasını (sliding window) hesapla.
next(val) çağrıldıkça queue'nun son N değerinin ortalamasını döndür.
N'den az eleman varsa mevcut elemanların ortalamasını al.","def moving_average_operations(ops: list) -> list:
    """"""""""""MovingAverage (son N degerin ortalamasi).
    
    ops: [('MovingAverage', size), ('next', val), ...]
    """"""""""""
    window = []
    size = 0
    total = 0
    results = []
    for op in ops:
        if op[0] == 'MovingAverage':
            size = op[1]
            window = []
            total = 0
            results.append(None)
        elif op[0] == 'next':
            val = op[1]
            window.append(val)
            total += val
            if len(window) > size:
                total -= window.pop(0)
            results.append(total / len(window))
    return results
","[{""""input"""": [[""""MovingAverage"""", 3], [""""next"""", 1], [""""next"""", 10], [""""next"""", 3], [""""next"""", 5]], """"expected"""": [null, 1.0, 5.5, 4.6667, 6.0], """"description"""": """"k=3 moving avg""""}]","[""💡 deque maxlen=size"", ""💡 sum tut"", ""💡 Her next: push + sum güncelle""]",171,moving_average_operations
dynamic-programming,Longest Palindromic Subsequence,longest-palindromic-subsequence,intermediate,"Bir string'in en uzun palindromik alt-dizisinin (subsequence) uzunluğunu bul. Karakterler arası karakter atlanabilir, sıra korunmalı.
Örnek: 'bbbab' → 4 ('bbbb').","def longest_palindromic_subsequence(text: str) -> int:
    pass","[{""input"": ""bbbab"", ""expected"": 4}, {""input"": ""cbbd"", ""expected"": 2}, {""input"": ""a"", ""expected"": 1}, {""input"": ""racecar"", ""expected"": 7}]","[""💡 İpucu 1: dp[i][j] = i..j aralığındaki en uzun palindromik subsequence uzunluğu."", ""💡 İpucu 2: text[i] == text[j] ise dp[i][j] = dp[i+1][j-1] + 2, değilse max(dp[i+1][j], dp[i][j-1])."", ""💡 İpucu 3: text ve text[::-1] için LCS problemine indirgenebilir.""]",172,longest_palindromic_subsequence
dynamic-programming,Longest Palindromic Substring,longest-palindromic-substring,intermediate,"Bir string içindeki en uzun palindromik alt-string'i (substring) bul.
Örnek: 'babad' → 'bab' (veya 'aba', uzunluk 3).","def longest_palindromic_substring(text: str) -> str:
    pass","[{""input"": ""babad"", ""expected"": ""bab""}, {""input"": ""cbbd"", ""expected"": ""bb""}, {""input"": ""a"", ""expected"": ""a""}, {""input"": ""racecar"", ""expected"": ""racecar""}]","[""💡 İpucu 1: dp[i][j] = text[i..j] palindrom mu (boolean)."", ""💡 İpucu 2: 2 uzunluk için text[i] == text[i+1] kontrolü, daha uzun için text[i] == text[j] ve dp[i+1][j-1]."", ""💡 İpucu 3: Expand-around-center O(n²) alternatif çözüm.""]",173,longest_palindromic_substring
dynamic-programming,Matrix Chain Multiplication,matrix-chain-multiplication,advanced,"Bir matris zincirinin çarpımı için minimum skaler çarpma sayısını bul. Matrisler soldan sağa çarpılır.
Örnek: p = [1, 2, 3, 4] (3 matris: 1x2, 2x3, 3x4) → 18.","def matrix_chain_order(dims: list[int]) -> int:
    pass","[{""input"": [1, 2, 3, 4], ""expected"": 18}, {""input"": [10, 30, 5, 60], ""expected"": 4500}, {""input"": [40, 20, 30, 10, 30], ""expected"": 26000}]","[""💡 İpucu 1: dp[i][j] = matris i..j çarpımı için min cost."", ""💡 İpucu 2: Tüm k parçaları için böl: dp[i][j] = min(dp[i][k] + dp[k][j] + dims[i]*dims[k]*dims[j])."", ""💡 İpucu 3: O(n³) DP, Knuth optimization ile O(n²) iyileştirme mümkün.""]",174,matrix_chain_order
dynamic-programming,Minimum Path Sum,minimum-path-sum,intermediate,"Sol-üst köşeden sağ-alt köşeye, sadece sağa/aşağı hareketle minimum toplam yol bul.
Örnek: [[1,3,1],[1,5,1],[4,2,1]] → 7 (1→3→1→1→1).","def min_path_sum(grid: list[list[int]]) -> int:
    pass","[{""input"": [[1, 3, 1], [1, 5, 1], [4, 2, 1]], ""expected"": 7}, {""input"": [[1, 2, 3], [4, 5, 6]], ""expected"": 12}, {""input"": [[1]], ""expected"": 1}]","[""💡 İpucu 1: dp[i][j] = (0,0)'den (i,j)'ye minimum toplam."", ""💡 İpucu 2: dp[i][j] = grid[i][j] + min(dp[i-1][j], dp[i][j-1]) (kenar kontrolleri ile)."", ""💡 İpucu 3: In-place: grid[i][j] += min(grid[i-1][j], grid[i][j-1]).""]",175,min_path_sum
dynamic-programming,Distinct Subsequences,distinct-subsequences,advanced,"String s, string t'nin kaç farklı alt-dizisini (subsequence) içeriyor?
Örnek: s='rabbbit', t='rabbit' → 3.","def num_distinct(s: str, t: str) -> int:
    pass","[{""input"": {""s"": ""rabbbit"", ""t"": ""rabbit""}, ""expected"": 3}, {""input"": {""s"": ""babgbag"", ""t"": ""bag""}, ""expected"": 5}, {""input"": {""s"": ""abc"", ""t"": ""abc""}, ""expected"": 1}]","[""💡 İpucu 1: dp[i][j] = s[:i] içinde t[:j]'nin kaç farklı subsequence olduğu."", ""💡 İpucu 2: s[i-1] == t[j-1] ise dp[i][j] = dp[i-1][j-1] + dp[i-1][j], değilse dp[i][j] = dp[i-1][j]."", ""💡 İpucu 3: 1D DP'ye indirgenebilir (O(n) bellek).""]",176,num_distinct
dynamic-programming,Interleaving String,interleaving-string,advanced,"s3, s1 ve s2'nin bir interleaving'i mi? Karakter sırası korunmalı.
Örnek: s1='aabcc', s2='dbbca', s3='aadbbcbcac' → True.","def is_interleave(s1: str, s2: str, s3: str) -> bool:
    pass","[{""input"": {""s1"": ""aabcc"", ""s2"": ""dbbca"", ""s3"": ""aadbbcbcac""}, ""expected"": true}, {""input"": {""s1"": ""aabcc"", ""s2"": ""dbbca"", ""s3"": ""aadbbbaccc""}, ""expected"": false}, {""input"": {""s1"": """", ""s2"": """", ""s3"": """"}, ""expected"": true}]","[""💡 İpucu 1: dp[i][j] = s1[:i] ve s2[:j]'nin s3[:i+j] interleaving'i mi?"", ""💡 İpucu 2: s3[i+j-1] == s1[i-1] ise dp[i][j] |= dp[i-1][j]; s3[i+j-1] == s2[j-1] ise dp[i][j] |= dp[i][j-1]."", ""💡 İpucu 3: 1D DP yeterli (sadece önceki satır).""]",177,is_interleave
dynamic-programming,Burst Balloons,burst-balloons,advanced,"n balon, her patlatmada balonun sol ve sağındaki komşu balonların sayıları çarpılır. Tüm balonları patlatarak maksimum toplam puanı bul.
Örnek: [3,1,5,8] → 167.","def max_coins(nums: list[int]) -> int:
    pass","[{""input"": [3, 1, 5, 8], ""expected"": 167}, {""input"": [1, 5], ""expected"": 10}, {""input"": [10], ""expected"": 10}]","[""💡 İpucu 1: Başına ve sonuna 1 ekle: [1, 3, 1, 5, 8, 1]."", ""💡 İpucu 2: Interval DP: dp[i][j] = (i, j) aralığındaki maksimum coin (i ve j kalan balonlar)."", ""💡 İpucu 3: k balonu son patlatılan: dp[i][j] = max(dp[i][k] + dp[k][j] + nums[i]*nums[k]*nums[j]).""]",178,max_coins
dynamic-programming,Regular Expression Matching,regular-expression-matching,advanced,"String s, pattern p ile eşleşiyor mu? '.' herhangi bir karakter, '*' önceki karakterin 0 veya daha fazlası.
Örnek: s='aab', p='c*a*b' → True.","def is_match(s: str, p: str) -> bool:
    pass","[{""input"": {""s"": ""aa"", ""p"": ""a""}, ""expected"": false}, {""input"": {""s"": ""aa"", ""p"": ""a*""}, ""expected"": true}, {""input"": {""s"": ""ab"", ""p"": "".*""}, ""expected"": true}, {""input"": {""s"": ""aab"", ""p"": ""c*a*b""}, ""expected"": true}]","[""💡 İpucu 1: dp[i][j] = s[:i] p[:j] ile eşleşiyor mu?"", ""💡 İpucu 2: p[j-1] == '*' ise: 0 kez (p[j-2]'yi at) VEYA 1+ kez (s[i-1] p[j-2] ile eşleşirse dp[i-1][j])."", ""💡 İpucu 3: p[j-1] == '.' veya p[j-1] == s[i-1] ise dp[i][j] = dp[i-1][j-1].""]",179,is_match
dynamic-programming,Target Sum,target-sum,intermediate,"Her sayının önüne + veya - koyarak hedef toplama ulaş. Kaç farklı yol var?
Örnek: nums=[1,1,1,1,1], target=3 → 5 yol.","def find_target_sum_ways(nums: list[int], target: int) -> int:
    pass","[{""input"": {""nums"": [1, 1, 1, 1, 1], ""target"": 3}, ""expected"": 5}, {""input"": {""nums"": [1], ""target"": 1}, ""expected"": 1}, {""input"": {""nums"": [1, 0], ""target"": 1}, ""expected"": 2}]","[""💡 İpucu 1: Toplam S, pozitif toplam P ise P - (S-P) = target → 2P = S+target."", ""💡 İpucu 2: Alt küme toplamı P olacak subset sayısını bul."", ""💡 İpucu 3: 1D DP: dp[sum] = kaç subset bu toplama ulaşır.""]",180,find_target_sum_ways
dynamic-programming,Longest Common Substring,longest-common-substring,intermediate,"İki string arasındaki en uzun ortak alt-string'in (substring) uzunluğunu bul. Subsequence değil, SUBSTRING (bitişik olmalı).
Örnek: s1='abcdef', s2='zbcdf' → 3 ('bcd').","def longest_common_substring(s1: str, s2: str) -> int:
    pass","[{""input"": {""s1"": ""abcdef"", ""s2"": ""zbcdf""}, ""expected"": 3}, {""input"": {""s1"": ""abc"", ""s2"": ""xyz""}, ""expected"": 0}, {""input"": {""s1"": ""hello"", ""s2"": ""yellow""}, ""expected"": 4}]","[""💡 İpucu 1: dp[i][j] = s1[:i] ve s2[:j] içinde s1[i-1]==s2[j-1] ile biten substring uzunluğu."", ""💡 İpucu 2: Eşleşiyorsa dp[i][j] = dp[i-1][j-1] + 1, değilse 0 (LCS'ten farklı!)."", ""💡 İpucu 3: Tüm dp[i][j] değerlerinin maksimumunu döndür.""]",181,longest_common_substring
